Workbook
Name ColTypes: الإعدادات!$D$2:$D$6
Name DistTypes: الإعدادات!$B$2:$B$8
Name ExpTypes: الإعدادات!$C$2:$C$11
Name InvList: Tbl_Investors[اسم المساهم]
Name ProjList: Tbl_Projects[اسم المشروع]
Name ProjStatus: الإعدادات!$A$2:$A$5

Sheet الإعدادات
A1: ProjStatus | B1: DistTypes | C1: ExpTypes | D1: ColTypes
A2: تحت الدراسة | B2: توزيع أرباح | C2: إدارة | D2: دفعة أولى
A3: قيد التنفيذ | B3: رد رأس مال | C3: عمولة | D3: دفعة ثانية
A4: مكتمل | B4: مسحوب للمساهم | C4: ضرائب | D4: دفعة إضافية
A5: متوقف | B5: مسحوب للإدارة | C5: مقاولات | D5: تحصيل نهائي
B6: تسوية | C6: تشطيب | D6: تحويل وارد
B7: تحويل بين المشاريع | C7: شراء
B8: أخرى | C8: تسويق
C9: قانوني
C10: مصاريف تشغيل
C11: أخرى

Sheet المساهمون
A2: كود المساهم | B2: اسم المساهم | C2: رقم الهاتف | D2: ملاحظات
A3: INV-001 | B3: ابو سامح
A4: INV-002 | B4: وليد مصطفى
A5: INV-003 | B5: مايز محمد
A6: INV-004 | B6: زكريا على
A7: INV-005 | B7: رمضان رجب
A8: INV-006 | B8: اشرف ابراهيم
A9: INV-007 | B9: على ممدوح
A10: INV-008 | B10: عمر صلاح
A11: INV-009 | B11: جمعه خلف
A12: INV-010 | B12: محمد ناجى
A13: INV-011 | B13: عماد تقى نقى
A14: INV-012 | B14: امدحت
... A30: INV-034 | B30: م ماجد تكييف
A31: INV-035
A32: INV-036
A33: INV-037
A34: INV-038
A35: INV-039
A36: INV-040
A37: INV-041
A38: INV-042
A39: INV-043
A40: INV-044
A41: INV-045
A42: INV-046
... A46: INV-050

Sheet المشاريع
A2: كود المشروع | B2: اسم المشروع | C2: نوع المشروع | D2: تاريخ البداية | E2: تاريخ النهاية | F2: حالة المشروع | G2: إجمالي رأس المال | H2: إجمالي التحصيل المتوقع | I2: إجمالي التحصيل الفعلي | J2: التحويلات الواردة | K2: التحويلات الصادرة | L2: إجمالي المصروفات | M2: صافي الربح | N2: السيولة المتبقية بالمشروع | O2: ملاحظات | P2: إجمالي قيمة المبيعات | Q2: المبيعات الكاش | R2: المبيعات بالتقسيط | S2: إجمالي التحصيلات (مبيعات) | T2: المتبقي من المبيعات
A3: PRJ-001 | B3: 8842 | C3: عقاري | D3: 45901 | E3: 46446 | F3: قيد التنفيذ | G3: =SUMIFS(Tbl_Contributions[رأس مال المساهم], Tbl_Contributions[اسم المشروع], Tbl_Projects[[#This Row],[اسم المشروع]]) -> 15000000 | H3: 0 | I3: =SUMIFS(Tbl_Collections[المبلغ], Tbl_Collections[المشروع], Tbl_Projects[[#This Row],[اسم المشروع]], Tbl_Collections[نوع التحصيل], "<>تحويل وارد") -> 8569000 | J3: =SUMIFS(Tbl_Distributions[المبلغ],#REF!, Tbl_Projects[[#This Row],[اسم المشروع]], Tbl_Distributions[نوع العملية], "تحويل بين المشاريع") -> #REF! | K3: =SUMIFS(Tbl_Distributions[المبلغ], Tbl_Distributions[المشروع المصدر], Tbl_Projects[[#This Row],[اسم المشروع]], Tbl_Distributions[نوع العملية], "تحويل بين المشاريع") -> 0 | L3: =SUMIFS(Tbl_Expenses[المبلغ], Tbl_Expenses[المشروع], Tbl_Projects[[#This Row],[اسم المشروع]]) -> 0 | M3: =Tbl_Projects[[#This Row],[إجمالي التحصيل الفعلي]] - Tbl_Projects[[#This Row],[إجمالي رأس المال]] - Tbl_Projects[[#This Row],[إجمالي المصروفات]] -> -6431000 | N3: =Tbl_Projects[[#This Row],[إجمالي التحصيل الفعلي]] + Tbl_Projects[[#This Row],[التحويلات الواردة]] - Tbl_Projects[[#This Row],[إجمالي المصروفات]] - Tbl_Projects[[#This Row],[التحويلات الصادرة]] - SUMIFS(Tbl_Distributions[المبلغ], Tbl_Distributions[المشروع المصدر], Tbl_Projects[[#This Row],[اسم المشروع]], Tbl_Distributions[نوع العملية], "<>تحويل بين المشاريع") -> #REF! | P3: =IF(A3="","", SUMIFS(المبيعات!$G:$G, المبيعات!$B:$B, A3)) -> 0 | Q3: =IF(A3="","", SUMIFS(المبيعات!$G:$G, المبيعات!$B:$B, A3, المبيعات!$H:$H, "كاش")) -> 0 | R3: =IF(A3="","", SUMIFS(المبيعات!$G:$G, المبيعات!$B:$B, A3, المبيعات!$H:$H, "تقسيط")) -> 0 | S3: =IF(A3="","", SUMIFS(المبيعات!$O:$O, المبيعات!$B:$B, A3)) -> 0 | T3: =IF(A3="","", P3 - S3) -> 0
A4: PRJ-002 | B4: مصر للتامين | C4: عقارى | D4: 45658 | E4: 46752 | F4: متوقف | G4: =SUMIFS(Tbl_Contributions[رأس مال المساهم], Tbl_Contributions[اسم المشروع], Tbl_Projects[[#This Row],[اسم المشروع]]) -> 13000000 | I4: =SUMIFS(Tbl_Collections[المبلغ], Tbl_Collections[المشروع], Tbl_Projects[[#This Row],[اسم المشروع]], Tbl_Collections[نوع التحصيل], "<>تحويل وارد") -> 0 | K4: =SUMIFS(Tbl_Distributions[المبلغ], Tbl_Distributions[المشروع المصدر], Tbl_Projects[[#This Row],[اسم المشروع]], Tbl_Distributions[نوع العملية], "تحويل بين المشاريع") -> 0 | L4: =SUMIFS(Tbl_Expenses[المبلغ], Tbl_Expenses[المشروع], Tbl_Projects[[#This Row],[اسم المشروع]]) -> 0 | M4: =Tbl_Projects[[#This Row],[إجمالي التحصيل الفعلي]] - Tbl_Projects[[#This Row],[إجمالي رأس المال]] - Tbl_Projects[[#This Row],[إجمالي المصروفات]] -> -13000000 | N4: =Tbl_Projects[[#This Row],[إجمالي التحصيل الفعلي]] + Tbl_Projects[[#This Row],[التحويلات الواردة]] - Tbl_Projects[[#This Row],[إجمالي المصروفات]] - Tbl_Projects[[#This Row],[التحويلات الصادرة]] - SUMIFS(Tbl_Distributions[المبلغ], Tbl_Distributions[المشروع المصدر], Tbl_Projects[[#This Row],[اسم المشروع]], Tbl_Distributions[نوع العملية], "<>تحويل بين المشاريع") -> 0 | P4: =IF(A4="","", SUMIFS(المبيعات!$G:$G, المبيعات!$B:$B, A4)) -> 0 | Q4: =IF(A4="","", SUMIFS(المبيعات!$G:$G, المبيعات!$B:$B, A4, المبيعات!$H:$H, "كاش")) -> 0 | R4: =IF(A4="","", SUMIFS(المبيعات!$G:$G, المبيعات!$B:$B, A4, المبيعات!$H:$H, "تقسيط")) -> 0 | S4: =IF(A4="","", SUMIFS(المبيعات!$O:$O, المبيعات!$B:$B, A4)) -> 0 | T4: =IF(A4="","", P4 - S4) -> 0
A5: PRJ-003 | B5: خلف قطعة بلال قطعه 12 | C5: عقارى | D5: 46023 | E5: 46568 | F5: قيد التنفيذ | G5: =SUMIFS(Tbl_Contributions[رأس مال المساهم], Tbl_Contributions[اسم المشروع], Tbl_Projects[[#This Row],[اسم المشروع]]) -> 5000000 | I5: =SUMIFS(Tbl_Collections[المبلغ], Tbl_Collections[المشروع], Tbl_Projects[[#This Row],[اسم المشروع]], Tbl_Collections[نوع التحصيل], "<>تحويل وارد") -> 0 | K5: =SUMIFS(Tbl_Distributions[المبلغ], Tbl_Distributions[المشروع المصدر], Tbl_Projects[[#This Row],[اسم المشروع]], Tbl_Distributions[نوع العملية], "تحويل بين المشاريع") -> 0 | L5: =SUMIFS(Tbl_Expenses[المبلغ], Tbl_Expenses[المشروع], Tbl_Projects[[#This Row],[اسم المشروع]]) -> 0 | M5: =Tbl_Projects[[#This Row],[إجمالي التحصيل الفعلي]] - Tbl_Projects[[#This Row],[إجمالي رأس المال]] - Tbl_Projects[[#This Row],[إجمالي المصروفات]] -> -5000000 | N5: =Tbl_Projects[[#This Row],[إجمالي التحصيل الفعلي]] + Tbl_Projects[[#This Row],[التحويلات الواردة]] - Tbl_Projects[[#This Row],[إجمالي المصروفات]] - Tbl_Projects[[#This Row],[التحويلات الصادرة]] - SUMIFS(Tbl_Distributions[المبلغ], Tbl_Distributions[المشروع المصدر], Tbl_Projects[[#This Row],[اسم المشروع]], Tbl_Distributions[نوع العملية], "<>تحويل بين المشاريع") -> 0 | P5: =IF(A5="","", SUMIFS(المبيعات!$G:$G, المبيعات!$B:$B, A5)) -> 0 | Q5: =IF(A5="","", SUMIFS(المبيعات!$G:$G, المبيعات!$B:$B, A5, المبيعات!$H:$H, "كاش")) -> 0 | R5: =IF(A5="","", SUMIFS(المبيعات!$G:$G, المبيعات!$B:$B, A5, المبيعات!$H:$H, "تقسيط")) -> 0 | S5: =IF(A5="","", SUMIFS(المبيعات!$O:$O, المبيعات!$B:$B, A5)) -> 0 | T5: =IF(A5="","", P5 - S5) -> 0
A6: PRJ-004 | B6: شقة الاكاديمية | C6: عقارى | D6: 46054 | E6: 46259 | F6: مكتمل | G6: =SUMIFS(Tbl_Contributions[رأس مال المساهم], Tbl_Contributions[اسم المشروع], Tbl_Projects[[#This Row],[اسم المشروع]]) -> 3100000 | I6: =SUMIFS(Tbl_Collections[المبلغ], Tbl_Collections[المشروع], Tbl_Projects[[#This Row],[اسم المشروع]], Tbl_Collections[نوع التحصيل], "<>تحويل وارد") -> 4000000 | K6: =SUMIFS(Tbl_Distributions[المبلغ], Tbl_Distributions[المشروع المصدر], Tbl_Projects[[#This Row],[اسم المشروع]], Tbl_Distributions[نوع العملية], "تحويل بين المشاريع") -> 0 | L6: =SUMIFS(Tbl_Expenses[المبلغ], Tbl_Expenses[المشروع], Tbl_Projects[[#This Row],[اسم المشروع]]) -> 180000 | M6: =Tbl_Projects[[#This Row],[إجمالي التحصيل الفعلي]] - Tbl_Projects[[#This Row],[إجمالي رأس المال]] - Tbl_Projects[[#This Row],[إجمالي المصروفات]] -> 720000 | N6: =Tbl_Projects[[#This Row],[إجمالي التحصيل الفعلي]] + Tbl_Projects[[#This Row],[التحويلات الواردة]] - Tbl_Projects[[#This Row],[إجمالي المصروفات]] - Tbl_Projects[[#This Row],[التحويلات الصادرة]] - SUMIFS(Tbl_Distributions[المبلغ], Tbl_Distributions[المشروع المصدر], Tbl_Projects[[#This Row],[اسم المشروع]], Tbl_Distributions[نوع العملية], "<>تحويل بين المشاريع") -> 3820000 | P6: =IF(A9="","", SUMIFS(المبيعات!$G:$G, المبيعات!$B:$B, A9)) | Q6: =IF(A9="","", SUMIFS(المبيعات!$G:$G, المبيعات!$B:$B, A9, المبيعات!$H:$H, "كاش")) | R6: =IF(A9="","", SUMIFS(المبيعات!$G:$G, المبيعات!$B:$B, A9, المبيعات!$H:$H, "تقسيط")) | S6: =IF(A9="","", SUMIFS(المبيعات!$O:$O, المبيعات!$B:$B, A9)) | T6: =IF(A9="","", P6 - S6)
A7: PRJ-005 | B7: شارع ابو شقره | C7: عقارى | D7: 46188 | E7: 46752 | F7: قيد التنفيذ | G7: =SUMIFS(Tbl_Contributions[رأس مال المساهم], Tbl_Contributions[اسم المشروع], Tbl_Projects[[#This Row],[اسم المشروع]]) -> 5500000 | I7: =SUMIFS(Tbl_Collections[المبلغ], Tbl_Collections[المشروع], Tbl_Projects[[#This Row],[اسم المشروع]], Tbl_Collections[نوع التحصيل], "<>تحويل وارد") -> 0 | K7: =SUMIFS(Tbl_Distributions[المبلغ], Tbl_Distributions[المشروع المصدر], Tbl_Projects[[#This Row],[اسم المشروع]], Tbl_Distributions[نوع العملية], "تحويل بين المشاريع") -> 0 | L7: =SUMIFS(Tbl_Expenses[المبلغ], Tbl_Expenses[المشروع], Tbl_Projects[[#This Row],[اسم المشروع]]) -> 0 | M7: =Tbl_Projects[[#This Row],[إجمالي التحصيل الفعلي]] - Tbl_Projects[[#This Row],[إجمالي رأس المال]] - Tbl_Projects[[#This Row],[إجمالي المصروفات]] -> -5500000 | N7: =Tbl_Projects[[#This Row],[إجمالي التحصيل الفعلي]] + Tbl_Projects[[#This Row],[التحويلات الواردة]] - Tbl_Projects[[#This Row],[إجمالي المصروفات]] - Tbl_Projects[[#This Row],[التحويلات الصادرة]] - SUMIFS(Tbl_Distributions[المبلغ], Tbl_Distributions[المشروع المصدر], Tbl_Projects[[#This Row],[اسم المشروع]], Tbl_Distributions[نوع العملية], "<>تحويل بين المشاريع") -> 0 | P7: =IF(A10="","", SUMIFS(المبيعات!$G:$G, المبيعات!$B:$B, A10)) | Q7: =IF(A10="","", SUMIFS(المبيعات!$G:$G, المبيعات!$B:$B, A10, المبيعات!$H:$H, "كاش")) | R7: =IF(A10="","", SUMIFS(المبيعات!$G:$G, المبيعات!$B:$B, A10, المبيعات!$H:$H, "تقسيط")) | S7: =IF(A10="","", SUMIFS(المبيعات!$O:$O, المبيعات!$B:$B, A10)) | T7: =IF(A10="","", P7 - S7)
G8: =SUMIFS(Tbl_Contributions[رأس مال المساهم], Tbl_Contributions[اسم المشروع], Tbl_Projects[[#This Row],[اسم المشروع]]) -> 0 | I8: =SUMIFS(Tbl_Collections[المبلغ], Tbl_Collections[المشروع], Tbl_Projects[[#This Row],[اسم المشروع]], Tbl_Collections[نوع التحصيل], "<>تحويل وارد") -> 0 | K8: =SUMIFS(Tbl_Distributions[المبلغ], Tbl_Distributions[المشروع المصدر], Tbl_Projects[[#This Row],[اسم المشروع]], Tbl_Distributions[نوع العملية], "تحويل بين المشاريع") -> 0 | L8: =SUMIFS(Tbl_Expenses[المبلغ], Tbl_Expenses[المشروع], Tbl_Projects[[#This Row],[اسم المشروع]]) -> 0 | M8: =Tbl_Projects[[#This Row],[إجمالي التحصيل الفعلي]] - Tbl_Projects[[#This Row],[إجمالي رأس المال]] - Tbl_Projects[[#This Row],[إجمالي المصروفات]] -> 0 | N8: =Tbl_Projects[[#This Row],[إجمالي التحصيل الفعلي]] + Tbl_Projects[[#This Row],[التحويلات الواردة]] - Tbl_Projects[[#This Row],[إجمالي المصروفات]] - Tbl_Projects[[#This Row],[التحويلات الصادرة]] - SUMIFS(Tbl_Distributions[المبلغ], Tbl_Distributions[المشروع المصدر], Tbl_Projects[[#This Row],[اسم المشروع]], Tbl_Distributions[نوع العملية], "<>تحويل بين المشاريع") -> 0 | P8: =IF(A11="","", SUMIFS(المبيعات!$G:$G, المبيعات!$B:$B, A11)) | Q8: =IF(A11="","", SUMIFS(المبيعات!$G:$G, المبيعات!$B:$B, A11, المبيعات!$H:$H, "كاش")) | R8: =IF(A11="","", SUMIFS(المبيعات!$G:$G, المبيعات!$B:$B, A11, المبيعات!$H:$H, "تقسيط")) | S8: =IF(A11="","", SUMIFS(المبيعات!$O:$O, المبيعات!$B:$B, A11)) | T8: =IF(A11="","", P8 - S8)
F9: قيد التنفيذ | J9: 0 | K9: 0 | L9: 0 | P9: =IF(A12="","", SUMIFS(المبيعات!$G:$G, المبيعات!$B:$B, A12)) | Q9: =IF(A12="","", SUMIFS(المبيعات!$G:$G, المبيعات!$B:$B, A12, المبيعات!$H:$H, "كاش")) | R9: =IF(A12="","", SUMIFS(المبيعات!$G:$G, المبيعات!$B:$B, A12, المبيعات!$H:$H, "تقسيط")) | S9: =IF(A12="","", SUMIFS(المبيعات!$O:$O, المبيعات!$B:$B, A12)) | T9: =IF(A12="","", P9 - S9)
P10: =IF(A13="","", SUMIFS(المبيعات!$G:$G, المبيعات!$B:$B, A13)) | Q10: =IF(A13="","", SUMIFS(المبيعات!$G:$G, المبيعات!$B:$B, A13, المبيعات!$H:$H, "كاش")) | R10: =IF(A13="","", SUMIFS(المبيعات!$G:$G, المبيعات!$B:$B, A13, المبيعات!$H:$H, "تقسيط")) | S10: =IF(A13="","", SUMIFS(المبيعات!$O:$O, المبيعات!$B:$B, A13)) | T10: =IF(A13="","", P10 - S10)
P11: =IF(A14="","", SUMIFS(المبيعات!$G:$G, المبيعات!$B:$B, A14)) | Q11: =IF(A14="","", SUMIFS(المبيعات!$G:$G, المبيعات!$B:$B, A14, المبيعات!$H:$H, "كاش")) | R11: =IF(A14="","", SUMIFS(المبيعات!$G:$G, المبيعات!$B:$B, A14, المبيعات!$H:$H, "تقسيط")) | S11: =IF(A14="","", SUMIFS(المبيعات!$O:$O, المبيعات!$B:$B, A14)) | T11: =IF(A14="","", P11 - S11)
P12: =IF(A15="","", SUMIFS(المبيعات!$G:$G, المبيعات!$B:$B, A15)) | Q12: =IF(A15="","", SUMIFS(المبيعات!$G:$G, المبيعات!$B:$B, A15, المبيعات!$H:$H, "كاش")) | R12: =IF(A15="","", SUMIFS(المبيعات!$G:$G, المبيعات!$B:$B, A15, المبيعات!$H:$H, "تقسيط")) | S12: =IF(A15="","", SUMIFS(المبيعات!$O:$O, المبيعات!$B:$B, A15)) | T12: =IF(A15="","", P12 - S12)
P13: =IF(A16="","", SUMIFS(المبيعات!$G:$G, المبيعات!$B:$B, A16)) | Q13: =IF(A16="","", SUMIFS(المبيعات!$G:$G, المبيعات!$B:$B, A16, المبيعات!$H:$H, "كاش")) | R13: =IF(A16="","", SUMIFS(المبيعات!$G:$G, المبيعات!$B:$B, A16, المبيعات!$H:$H, "تقسيط")) | S13: =IF(A16="","", SUMIFS(المبيعات!$O:$O, المبيعات!$B:$B, A16)) | T13: =IF(A16="","", P13 - S13)
P14: =IF(A17="","", SUMIFS(المبيعات!$G:$G, المبيعات!$B:$B, A17)) | Q14: =IF(A17="","", SUMIFS(المبيعات!$G:$G, المبيعات!$B:$B, A17, المبيعات!$H:$H, "كاش")) | R14: =IF(A17="","", SUMIFS(المبيعات!$G:$G, المبيعات!$B:$B, A17, المبيعات!$H:$H, "تقسيط")) | S14: =IF(A17="","", SUMIFS(المبيعات!$O:$O, المبيعات!$B:$B, A17)) | T14: =IF(A17="","", P14 - S14)
P15: =IF(A18="","", SUMIFS(المبيعات!$G:$G, المبيعات!$B:$B, A18)) | Q15: =IF(A18="","", SUMIFS(المبيعات!$G:$G, المبيعات!$B:$B, A18, المبيعات!$H:$H, "كاش")) | R15: =IF(A18="","", SUMIFS(المبيعات!$G:$G, المبيعات!$B:$B, A18, المبيعات!$H:$H, "تقسيط")) | S15: =IF(A18="","", SUMIFS(المبيعات!$O:$O, المبيعات!$B:$B, A18)) | T15: =IF(A18="","", P15 - S15)
P16: =IF(A19="","", SUMIFS(المبيعات!$G:$G, المبيعات!$B:$B, A19)) | Q16: =IF(A19="","", SUMIFS(المبيعات!$G:$G, المبيعات!$B:$B, A19, المبيعات!$H:$H, "كاش")) | R16: =IF(A19="","", SUMIFS(المبيعات!$G:$G, المبيعات!$B:$B, A19, المبيعات!$H:$H, "تقسيط")) | S16: =IF(A19="","", SUMIFS(المبيعات!$O:$O, المبيعات!$B:$B, A19)) | T16: =IF(A19="","", P16 - S16)
P17: =IF(A20="","", SUMIFS(المبيعات!$G:$G, المبيعات!$B:$B, A20)) | Q17: =IF(A20="","", SUMIFS(المبيعات!$G:$G, المبيعات!$B:$B, A20, المبيعات!$H:$H, "كاش")) | R17: =IF(A20="","", SUMIFS(المبيعات!$G:$G, المبيعات!$B:$B, A20, المبيعات!$H:$H, "تقسيط")) | S17: =IF(A20="","", SUMIFS(المبيعات!$O:$O, المبيعات!$B:$B, A20)) | T17: =IF(A20="","", P17 - S17)
P18: =IF(A21="","", SUMIFS(المبيعات!$G:$G, المبيعات!$B:$B, A21)) | Q18: =IF(A21="","", SUMIFS(المبيعات!$G:$G, المبيعات!$B:$B, A21, المبيعات!$H:$H, "كاش")) | R18: =IF(A21="","", SUMIFS(المبيعات!$G:$G, المبيعات!$B:$B, A21, المبيعات!$H:$H, "تقسيط")) | S18: =IF(A21="","", SUMIFS(المبيعات!$O:$O, المبيعات!$B:$B, A21)) | T18: =IF(A21="","", P18 - S18)
P19: =IF(A22="","", SUMIFS(المبيعات!$G:$G, المبيعات!$B:$B, A22)) | Q19: =IF(A22="","", SUMIFS(المبيعات!$G:$G, المبيعات!$B:$B, A22, المبيعات!$H:$H, "كاش")) | R19: =IF(A22="","", SUMIFS(المبيعات!$G:$G, المبيعات!$B:$B, A22, المبيعات!$H:$H, "تقسيط")) | S19: =IF(A22="","", SUMIFS(المبيعات!$O:$O, المبيعات!$B:$B, A22)) | T19: =IF(A22="","", P19 - S19)
P20: =IF(A23="","", SUMIFS(المبيعات!$G:$G, المبيعات!$B:$B, A23)) | Q20: =IF(A23="","", SUMIFS(المبيعات!$G:$G, المبيعات!$B:$B, A23, المبيعات!$H:$H, "كاش")) | R20: =IF(A23="","", SUMIFS(المبيعات!$G:$G, المبيعات!$B:$B, A23, المبيعات!$H:$H, "تقسيط")) | S20: =IF(A23="","", SUMIFS(المبيعات!$O:$O, المبيعات!$B:$B, A23)) | T20: =IF(A23="","", P20 - S20)
P21: =IF(A24="","", SUMIFS(المبيعات!$G:$G, المبيعات!$B:$B, A24)) | Q21: =IF(A24="","", SUMIFS(المبيعات!$G:$G, المبيعات!$B:$B, A24, المبيعات!$H:$H, "كاش")) | R21: =IF(A24="","", SUMIFS(المبيعات!$G:$G, المبيعات!$B:$B, A24, المبيعات!$H:$H, "تقسيط")) | S21: =IF(A24="","", SUMIFS(المبيعات!$O:$O, المبيعات!$B:$B, A24)) | T21: =IF(A24="","", P21 - S21)
... P99: =IF(A102="","", SUMIFS(المبيعات!$G:$G, المبيعات!$B:$B, A102)) | Q99: =IF(A102="","", SUMIFS(المبيعات!$G:$G, المبيعات!$B:$B, A102, المبيعات!$H:$H, "كاش")) | R99: =IF(A102="","", SUMIFS(المبيعات!$G:$G, المبيعات!$B:$B, A102, المبيعات!$H:$H, "تقسيط")) | S99: =IF(A102="","", SUMIFS(المبيعات!$O:$O, المبيعات!$B:$B, A102)) | T99: =IF(A102="","", P99 - S99)

Sheet مساهمات المشاريع
A2: كود المشروع | B2: اسم المشروع | C2: كود المساهم | D2: اسم المساهم | E2: رأس مال المساهم | F2: نسبة مساهمته | G2: نسبة الإدارة الخاصة به | H2: حصة الربح قبل الإدارة | I2: نصيب الإدارة | J2: صافي ربح المساهم | K2: إجمالي المستحق للمساهم | L2: المسحوبات (تتضمن رد رأس المال والأرباح) | M2: مسحوبات الإدارة (إن وجدت) | N2: المتبقي للمساهم | O2: ملاحظات (تنبيه نسبة الإدارة)
A3: =IFERROR(INDEX([1]!Tbl_Projects[كود المشروع], MATCH([1]!Tbl_Contributions[[#This Row],[اسم المشروع]], [1]!Tbl_Projects[اسم المشروع], 0)), "") | B3: 8842 | C3: =IFERROR(INDEX([1]!Tbl_Investors[كود المساهم], MATCH([1]!Tbl_Contributions[[#This Row],[اسم المساهم]], [1]!Tbl_Investors[اسم المساهم], 0)), "") | D3: ابو سامح | E3: 2600000 | F3: =IF(SUMIFS(Tbl_Contributions[رأس مال المساهم], Tbl_Contributions[اسم المشروع], Tbl_Contributions[[#This Row],[اسم المشروع]])=0, 0, Tbl_Contributions[[#This Row],[رأس مال المساهم]]/SUMIFS(Tbl_Contributions[رأس مال المساهم], Tbl_Contributions[اسم المشروع], Tbl_Contributions[[#This Row],[اسم المشروع]])) -> 0.17333333 | G3: 0.2 | H3: =IFERROR(INDEX(Tbl_Projects[صافي الربح], MATCH(Tbl_Contributions[[#This Row],[اسم المشروع]], Tbl_Projects[اسم المشروع], 0)) * Tbl_Contributions[[#This Row],[نسبة مساهمته]], 0) -> -1114706.7 | I3: =IF(AND(ISNUMBER(Tbl_Contributions[[#This Row],[نسبة الإدارة الخاصة به]]), Tbl_Contributions[[#This Row],[حصة الربح قبل الإدارة]]>0), Tbl_Contributions[[#This Row],[حصة الربح قبل الإدارة]] * Tbl_Contributions[[#This Row],[نسبة الإدارة الخاصة به]], 0) -> 0 | J3: =Tbl_Contributions[[#This Row],[حصة الربح قبل الإدارة]] - Tbl_Contributions[[#This Row],[نصيب الإدارة]] -> -1114706.7 | K3: =Tbl_Contributions[[#This Row],[رأس مال المساهم]] + Tbl_Contributions[[#This Row],[صافي ربح المساهم]] -> 1485293.3 | L3: =SUMIFS(Tbl_Distributions[المبلغ], Tbl_Distributions[المشروع المصدر], Tbl_Contributions[[#This Row],[اسم المشروع]], Tbl_Distributions[المساهم], Tbl_Contributions[[#This Row],[اسم المساهم]], Tbl_Distributions[نوع العملية], "<>تحويل بين المشاريع", Tbl_Distributions[نوع العملية], "<>مسحوب للإدارة") -> 1485000 | M3: =SUMIFS(Tbl_Distributions[المبلغ], Tbl_Distributions[المشروع المصدر], Tbl_Contributions[[#This Row],[اسم المشروع]], Tbl_Distributions[المساهم], Tbl_Contributions[[#This Row],[اسم المساهم]], Tbl_Distributions[نوع العملية], "مسحوب للإدارة") -> 0 | N3: =Tbl_Contributions[[#This Row],[إجمالي المستحق للمساهم]] - Tbl_Contributions[[#This Row],[المسحوبات (تتضمن رد رأس المال والأرباح)]] -> 293.33333 | O3: =IF(ISBLANK(Tbl_Contributions[[#This Row],[نسبة الإدارة الخاصة به]]), "تنبيه: نسبة الإدارة غير مسجلة", "مكتمل") -> مكتمل
A4: =IFERROR(INDEX([1]!Tbl_Projects[كود المشروع], MATCH([1]!Tbl_Contributions[[#This Row],[اسم المشروع]], [1]!Tbl_Projects[اسم المشروع], 0)), "") | B4: 8842 | C4: =IFERROR(INDEX([1]!Tbl_Investors[كود المساهم], MATCH([1]!Tbl_Contributions[[#This Row],[اسم المساهم]], [1]!Tbl_Investors[اسم المساهم], 0)), "") | D4: وليد مصطفى | E4: 1000000 | F4: =IF(SUMIFS(Tbl_Contributions[رأس مال المساهم], Tbl_Contributions[اسم المشروع], Tbl_Contributions[[#This Row],[اسم المشروع]])=0, 0, Tbl_Contributions[[#This Row],[رأس مال المساهم]]/SUMIFS(Tbl_Contributions[رأس مال المساهم], Tbl_Contributions[اسم المشروع], Tbl_Contributions[[#This Row],[اسم المشروع]])) -> 0.066666667 | G4: 0.2 | H4: =IFERROR(INDEX(Tbl_Projects[صافي الربح], MATCH(Tbl_Contributions[[#This Row],[اسم المشروع]], Tbl_Projects[اسم المشروع], 0)) * Tbl_Contributions[[#This Row],[نسبة مساهمته]], 0) -> -428733.33 | I4: =IF(AND(ISNUMBER(Tbl_Contributions[[#This Row],[نسبة الإدارة الخاصة به]]), Tbl_Contributions[[#This Row],[حصة الربح قبل الإدارة]]>0), Tbl_Contributions[[#This Row],[حصة الربح قبل الإدارة]] * Tbl_Contributions[[#This Row],[نسبة الإدارة الخاصة به]], 0) -> 0 | J4: =Tbl_Contributions[[#This Row],[حصة الربح قبل الإدارة]] - Tbl_Contributions[[#This Row],[نصيب الإدارة]] -> -428733.33 | K4: =Tbl_Contributions[[#This Row],[رأس مال المساهم]] + Tbl_Contributions[[#This Row],[صافي ربح المساهم]] -> 571266.67 | L4: =SUMIFS(Tbl_Distributions[المبلغ], Tbl_Distributions[المشروع المصدر], Tbl_Contributions[[#This Row],[اسم المشروع]], Tbl_Distributions[المساهم], Tbl_Contributions[[#This Row],[اسم المساهم]], Tbl_Distributions[نوع العملية], "<>تحويل بين المشاريع", Tbl_Distributions[نوع العملية], "<>مسحوب للإدارة") -> 500000 | M4: =SUMIFS(Tbl_Distributions[المبلغ], Tbl_Distributions[المشروع المصدر], Tbl_Contributions[[#This Row],[اسم المشروع]], Tbl_Distributions[المساهم], Tbl_Contributions[[#This Row],[اسم المساهم]], Tbl_Distributions[نوع العملية], "مسحوب للإدارة") -> 0 | N4: =Tbl_Contributions[[#This Row],[إجمالي المستحق للمساهم]] - Tbl_Contributions[[#This Row],[المسحوبات (تتضمن رد رأس المال والأرباح)]] -> 71266.667 | O4: =IF(ISBLANK(Tbl_Contributions[[#This Row],[نسبة الإدارة الخاصة به]]), "تنبيه: نسبة الإدارة غير مسجلة", "مكتمل") -> مكتمل
A5: =IFERROR(INDEX([1]!Tbl_Projects[كود المشروع], MATCH([1]!Tbl_Contributions[[#This Row],[اسم المشروع]], [1]!Tbl_Projects[اسم المشروع], 0)), "") | B5: 8842 | C5: =IFERROR(INDEX([1]!Tbl_Investors[كود المساهم], MATCH([1]!Tbl_Contributions[[#This Row],[اسم المساهم]], [1]!Tbl_Investors[اسم المساهم], 0)), "") | D5: مايز محمد | E5: 2000000 | F5: =IF(SUMIFS(Tbl_Contributions[رأس مال المساهم], Tbl_Contributions[اسم المشروع], Tbl_Contributions[[#This Row],[اسم المشروع]])=0, 0, Tbl_Contributions[[#This Row],[رأس مال المساهم]]/SUMIFS(Tbl_Contributions[رأس مال المساهم], Tbl_Contributions[اسم المشروع], Tbl_Contributions[[#This Row],[اسم المشروع]])) -> 0.13333333 | G5: 0.2 | H5: =IFERROR(INDEX(Tbl_Projects[صافي الربح], MATCH(Tbl_Contributions[[#This Row],[اسم المشروع]], Tbl_Projects[اسم المشروع], 0)) * Tbl_Contributions[[#This Row],[نسبة مساهمته]], 0) -> -857466.67 | I5: =IF(AND(ISNUMBER(Tbl_Contributions[[#This Row],[نسبة الإدارة الخاصة به]]), Tbl_Contributions[[#This Row],[حصة الربح قبل الإدارة]]>0), Tbl_Contributions[[#This Row],[حصة الربح قبل الإدارة]] * Tbl_Contributions[[#This Row],[نسبة الإدارة الخاصة به]], 0) -> 0 | J5: =Tbl_Contributions[[#This Row],[حصة الربح قبل الإدارة]] - Tbl_Contributions[[#This Row],[نصيب الإدارة]] -> -857466.67 | K5: =Tbl_Contributions[[#This Row],[رأس مال المساهم]] + Tbl_Contributions[[#This Row],[صافي ربح المساهم]] -> 1142533.3 | L5: =SUMIFS(Tbl_Distributions[المبلغ], Tbl_Distributions[المشروع المصدر], Tbl_Contributions[[#This Row],[اسم المشروع]], Tbl_Distributions[المساهم], Tbl_Contributions[[#This Row],[اسم المساهم]], Tbl_Distributions[نوع العملية], "<>تحويل بين المشاريع", Tbl_Distributions[نوع العملية], "<>مسحوب للإدارة") -> 0 | M5: =SUMIFS(Tbl_Distributions[المبلغ], Tbl_Distributions[المشروع المصدر], Tbl_Contributions[[#This Row],[اسم المشروع]], Tbl_Distributions[المساهم], Tbl_Contributions[[#This Row],[اسم المساهم]], Tbl_Distributions[نوع العملية], "مسحوب للإدارة") -> 0 | N5: =Tbl_Contributions[[#This Row],[إجمالي المستحق للمساهم]] - Tbl_Contributions[[#This Row],[المسحوبات (تتضمن رد رأس المال والأرباح)]] -> 1142533.3 | O5: =IF(ISBLANK(Tbl_Contributions[[#This Row],[نسبة الإدارة الخاصة به]]), "تنبيه: نسبة الإدارة غير مسجلة", "مكتمل") -> مكتمل
A6: =IFERROR(INDEX([1]!Tbl_Projects[كود المشروع], MATCH([1]!Tbl_Contributions[[#This Row],[اسم المشروع]], [1]!Tbl_Projects[اسم المشروع], 0)), "") | B6: 8842 | C6: =IFERROR(INDEX([1]!Tbl_Investors[كود المساهم], MATCH([1]!Tbl_Contributions[[#This Row],[اسم المساهم]], [1]!Tbl_Investors[اسم المساهم], 0)), "") | D6: زكريا على | E6: 4500000 | F6: =IF(SUMIFS(Tbl_Contributions[رأس مال المساهم], Tbl_Contributions[اسم المشروع], Tbl_Contributions[[#This Row],[اسم المشروع]])=0, 0, Tbl_Contributions[[#This Row],[رأس مال المساهم]]/SUMIFS(Tbl_Contributions[رأس مال المساهم], Tbl_Contributions[اسم المشروع], Tbl_Contributions[[#This Row],[اسم المشروع]])) -> 0.3 | G6: 0.2 | H6: =IFERROR(INDEX(Tbl_Projects[صافي الربح], MATCH(Tbl_Contributions[[#This Row],[اسم المشروع]], Tbl_Projects[اسم المشروع], 0)) * Tbl_Contributions[[#This Row],[نسبة مساهمته]], 0) -> -1929300 | I6: =IF(AND(ISNUMBER(Tbl_Contributions[[#This Row],[نسبة الإدارة الخاصة به]]), Tbl_Contributions[[#This Row],[حصة الربح قبل الإدارة]]>0), Tbl_Contributions[[#This Row],[حصة الربح قبل الإدارة]] * Tbl_Contributions[[#This Row],[نسبة الإدارة الخاصة به]], 0) -> 0 | J6: =Tbl_Contributions[[#This Row],[حصة الربح قبل الإدارة]] - Tbl_Contributions[[#This Row],[نصيب الإدارة]] -> -1929300 | K6: =Tbl_Contributions[[#This Row],[رأس مال المساهم]] + Tbl_Contributions[[#This Row],[صافي ربح المساهم]] -> 2570700 | L6: =SUMIFS(Tbl_Distributions[المبلغ], Tbl_Distributions[المشروع المصدر], Tbl_Contributions[[#This Row],[اسم المشروع]], Tbl_Distributions[المساهم], Tbl_Contributions[[#This Row],[اسم المساهم]], Tbl_Distributions[نوع العملية], "<>تحويل بين المشاريع", Tbl_Distributions[نوع العملية], "<>مسحوب للإدارة") -> 0 | M6: =SUMIFS(Tbl_Distributions[المبلغ], Tbl_Distributions[المشروع المصدر], Tbl_Contributions[[#This Row],[اسم المشروع]], Tbl_Distributions[المساهم], Tbl_Contributions[[#This Row],[اسم المساهم]], Tbl_Distributions[نوع العملية], "مسحوب للإدارة") -> 0 | N6: =Tbl_Contributions[[#This Row],[إجمالي المستحق للمساهم]] - Tbl_Contributions[[#This Row],[المسحوبات (تتضمن رد رأس المال والأرباح)]] -> 2570700 | O6: =IF(ISBLANK(Tbl_Contributions[[#This Row],[نسبة الإدارة الخاصة به]]), "تنبيه: نسبة الإدارة غير مسجلة", "مكتمل") -> مكتمل
A7: =IFERROR(INDEX([1]!Tbl_Projects[كود المشروع], MATCH([1]!Tbl_Contributions[[#This Row],[اسم المشروع]], [1]!Tbl_Projects[اسم المشروع], 0)), "") | B7: 8842 | C7: =IFERROR(INDEX([1]!Tbl_Investors[كود المساهم], MATCH([1]!Tbl_Contributions[[#This Row],[اسم المساهم]], [1]!Tbl_Investors[اسم المساهم], 0)), "") | D7: رمضان رجب | E7: 370000 | F7: =IF(SUMIFS(Tbl_Contributions[رأس مال المساهم], Tbl_Contributions[اسم المشروع], Tbl_Contributions[[#This Row],[اسم المشروع]])=0, 0, Tbl_Contributions[[#This Row],[رأس مال المساهم]]/SUMIFS(Tbl_Contributions[رأس مال المساهم], Tbl_Contributions[اسم المشروع], Tbl_Contributions[[#This Row],[اسم المشروع]])) -> 0.024666667 | G7: 0.2 | H7: =IFERROR(INDEX(Tbl_Projects[صافي الربح], MATCH(Tbl_Contributions[[#This Row],[اسم المشروع]], Tbl_Projects[اسم المشروع], 0)) * Tbl_Contributions[[#This Row],[نسبة مساهمته]], 0) -> -158631.33 | I7: =IF(AND(ISNUMBER(Tbl_Contributions[[#This Row],[نسبة الإدارة الخاصة به]]), Tbl_Contributions[[#This Row],[حصة الربح قبل الإدارة]]>0), Tbl_Contributions[[#This Row],[حصة الربح قبل الإدارة]] * Tbl_Contributions[[#This Row],[نسبة الإدارة الخاصة به]], 0) -> 0 | J7: =Tbl_Contributions[[#This Row],[حصة الربح قبل الإدارة]] - Tbl_Contributions[[#This Row],[نصيب الإدارة]] -> -158631.33 | K7: =Tbl_Contributions[[#This Row],[رأس مال المساهم]] + Tbl_Contributions[[#This Row],[صافي ربح المساهم]] -> 211368.67 | L7: =SUMIFS(Tbl_Distributions[المبلغ], Tbl_Distributions[المشروع المصدر], Tbl_Contributions[[#This Row],[اسم المشروع]], Tbl_Distributions[المساهم], Tbl_Contributions[[#This Row],[اسم المساهم]], Tbl_Distributions[نوع العملية], "<>تحويل بين المشاريع", Tbl_Distributions[نوع العملية], "<>مسحوب للإدارة") -> 0 | M7: =SUMIFS(Tbl_Distributions[المبلغ], Tbl_Distributions[المشروع المصدر], Tbl_Contributions[[#This Row],[اسم المشروع]], Tbl_Distributions[المساهم], Tbl_Contributions[[#This Row],[اسم المساهم]], Tbl_Distributions[نوع العملية], "مسحوب للإدارة") -> 0 | N7: =Tbl_Contributions[[#This Row],[إجمالي المستحق للمساهم]] - Tbl_Contributions[[#This Row],[المسحوبات (تتضمن رد رأس المال والأرباح)]] -> 211368.67 | O7: =IF(ISBLANK(Tbl_Contributions[[#This Row],[نسبة الإدارة الخاصة به]]), "تنبيه: نسبة الإدارة غير مسجلة", "مكتمل") -> مكتمل
A8: =IFERROR(INDEX([1]!Tbl_Projects[كود المشروع], MATCH([1]!Tbl_Contributions[[#This Row],[اسم المشروع]], [1]!Tbl_Projects[اسم المشروع], 0)), "") | B8: 8842 | C8: =IFERROR(INDEX([1]!Tbl_Investors[كود المساهم], MATCH([1]!Tbl_Contributions[[#This Row],[اسم المساهم]], [1]!Tbl_Investors[اسم المساهم], 0)), "") | D8: اشرف ابراهيم | E8: 125000 | F8: =IF(SUMIFS(Tbl_Contributions[رأس مال المساهم], Tbl_Contributions[اسم المشروع], Tbl_Contributions[[#This Row],[اسم المشروع]])=0, 0, Tbl_Contributions[[#This Row],[رأس مال المساهم]]/SUMIFS(Tbl_Contributions[رأس مال المساهم], Tbl_Contributions[اسم المشروع], Tbl_Contributions[[#This Row],[اسم المشروع]])) -> 0.0083333333 | G8: 0.2 | H8: =IFERROR(INDEX(Tbl_Projects[صافي الربح], MATCH(Tbl_Contributions[[#This Row],[اسم المشروع]], Tbl_Projects[اسم المشروع], 0)) * Tbl_Contributions[[#This Row],[نسبة مساهمته]], 0) -> -53591.667 | I8: =IF(AND(ISNUMBER(Tbl_Contributions[[#This Row],[نسبة الإدارة الخاصة به]]), Tbl_Contributions[[#This Row],[حصة الربح قبل الإدارة]]>0), Tbl_Contributions[[#This Row],[حصة الربح قبل الإدارة]] * Tbl_Contributions[[#This Row],[نسبة الإدارة الخاصة به]], 0) -> 0 | J8: =Tbl_Contributions[[#This Row],[حصة الربح قبل الإدارة]] - Tbl_Contributions[[#This Row],[نصيب الإدارة]] -> -53591.667 | K8: =Tbl_Contributions[[#This Row],[رأس مال المساهم]] + Tbl_Contributions[[#This Row],[صافي ربح المساهم]] -> 71408.333 | L8: =SUMIFS(Tbl_Distributions[المبلغ], Tbl_Distributions[المشروع المصدر], Tbl_Contributions[[#This Row],[اسم المشروع]], Tbl_Distributions[المساهم], Tbl_Contributions[[#This Row],[اسم المساهم]], Tbl_Distributions[نوع العملية], "<>تحويل بين المشاريع", Tbl_Distributions[نوع العملية], "<>مسحوب للإدارة") -> 0 | M8: =SUMIFS(Tbl_Distributions[المبلغ], Tbl_Distributions[المشروع المصدر], Tbl_Contributions[[#This Row],[اسم المشروع]], Tbl_Distributions[المساهم], Tbl_Contributions[[#This Row],[اسم المساهم]], Tbl_Distributions[نوع العملية], "مسحوب للإدارة") -> 0 | N8: =Tbl_Contributions[[#This Row],[إجمالي المستحق للمساهم]] - Tbl_Contributions[[#This Row],[المسحوبات (تتضمن رد رأس المال والأرباح)]] -> 71408.333 | O8: =IF(ISBLANK(Tbl_Contributions[[#This Row],[نسبة الإدارة الخاصة به]]), "تنبيه: نسبة الإدارة غير مسجلة", "مكتمل") -> مكتمل
A9: =IFERROR(INDEX([1]!Tbl_Projects[كود المشروع], MATCH([1]!Tbl_Contributions[[#This Row],[اسم المشروع]], [1]!Tbl_Projects[اسم المشروع], 0)), "") | B9: 8842 | C9: =IFERROR(INDEX([1]!Tbl_Investors[كود المساهم], MATCH([1]!Tbl_Contributions[[#This Row],[اسم المساهم]], [1]!Tbl_Investors[اسم المساهم], 0)), "") | D9: على ممدوح | E9: 840000 | F9: =IF(SUMIFS(Tbl_Contributions[رأس مال المساهم], Tbl_Contributions[اسم المشروع], Tbl_Contributions[[#This Row],[اسم المشروع]])=0, 0, Tbl_Contributions[[#This Row],[رأس مال المساهم]]/SUMIFS(Tbl_Contributions[رأس مال المساهم], Tbl_Contributions[اسم المشروع], Tbl_Contributions[[#This Row],[اسم المشروع]])) -> 0.056 | G9: 0.2 | H9: =IFERROR(INDEX(Tbl_Projects[صافي الربح], MATCH(Tbl_Contributions[[#This Row],[اسم المشروع]], Tbl_Projects[اسم المشروع], 0)) * Tbl_Contributions[[#This Row],[نسبة مساهمته]], 0) -> -360136 | I9: =IF(AND(ISNUMBER(Tbl_Contributions[[#This Row],[نسبة الإدارة الخاصة به]]), Tbl_Contributions[[#This Row],[حصة الربح قبل الإدارة]]>0), Tbl_Contributions[[#This Row],[حصة الربح قبل الإدارة]] * Tbl_Contributions[[#This Row],[نسبة الإدارة الخاصة به]], 0) -> 0 | J9: =Tbl_Contributions[[#This Row],[حصة الربح قبل الإدارة]] - Tbl_Contributions[[#This Row],[نصيب الإدارة]] -> -360136 | K9: =Tbl_Contributions[[#This Row],[رأس مال المساهم]] + Tbl_Contributions[[#This Row],[صافي ربح المساهم]] -> 479864 | L9: =SUMIFS(Tbl_Distributions[المبلغ], Tbl_Distributions[المشروع المصدر], Tbl_Contributions[[#This Row],[اسم المشروع]], Tbl_Distributions[المساهم], Tbl_Contributions[[#This Row],[اسم المساهم]], Tbl_Distributions[نوع العملية], "<>تحويل بين المشاريع", Tbl_Distributions[نوع العملية], "<>مسحوب للإدارة") -> 0 | M9: =SUMIFS(Tbl_Distributions[المبلغ], Tbl_Distributions[المشروع المصدر], Tbl_Contributions[[#This Row],[اسم المشروع]], Tbl_Distributions[المساهم], Tbl_Contributions[[#This Row],[اسم المساهم]], Tbl_Distributions[نوع العملية], "مسحوب للإدارة") -> 0 | N9: =Tbl_Contributions[[#This Row],[إجمالي المستحق للمساهم]] - Tbl_Contributions[[#This Row],[المسحوبات (تتضمن رد رأس المال والأرباح)]] -> 479864 | O9: =IF(ISBLANK(Tbl_Contributions[[#This Row],[نسبة الإدارة الخاصة به]]), "تنبيه: نسبة الإدارة غير مسجلة", "مكتمل") -> مكتمل
A10: =IFERROR(INDEX([1]!Tbl_Projects[كود المشروع], MATCH([1]!Tbl_Contributions[[#This Row],[اسم المشروع]], [1]!Tbl_Projects[اسم المشروع], 0)), "") | B10: 8842 | C10: =IFERROR(INDEX([1]!Tbl_Investors[كود المساهم], MATCH([1]!Tbl_Contributions[[#This Row],[اسم المساهم]], [1]!Tbl_Investors[اسم المساهم], 0)), "") | D10: عمر صلاح | E10: 325000 | F10: =IF(SUMIFS(Tbl_Contributions[رأس مال المساهم], Tbl_Contributions[اسم المشروع], Tbl_Contributions[[#This Row],[اسم المشروع]])=0, 0, Tbl_Contributions[[#This Row],[رأس مال المساهم]]/SUMIFS(Tbl_Contributions[رأس مال المساهم], Tbl_Contributions[اسم المشروع], Tbl_Contributions[[#This Row],[اسم المشروع]])) -> 0.021666667 | G10: 0.2 | H10: =IFERROR(INDEX(Tbl_Projects[صافي الربح], MATCH(Tbl_Contributions[[#This Row],[اسم المشروع]], Tbl_Projects[اسم المشروع], 0)) * Tbl_Contributions[[#This Row],[نسبة مساهمته]], 0) -> -139338.33 | I10: =IF(AND(ISNUMBER(Tbl_Contributions[[#This Row],[نسبة الإدارة الخاصة به]]), Tbl_Contributions[[#This Row],[حصة الربح قبل الإدارة]]>0), Tbl_Contributions[[#This Row],[حصة الربح قبل الإدارة]] * Tbl_Contributions[[#This Row],[نسبة الإدارة الخاصة به]], 0) -> 0 | J10: =Tbl_Contributions[[#This Row],[حصة الربح قبل الإدارة]] - Tbl_Contributions[[#This Row],[نصيب الإدارة]] -> -139338.33 | K10: =Tbl_Contributions[[#This Row],[رأس مال المساهم]] + Tbl_Contributions[[#This Row],[صافي ربح المساهم]] -> 185661.67 | L10: =SUMIFS(Tbl_Distributions[المبلغ], Tbl_Distributions[المشروع المصدر], Tbl_Contributions[[#This Row],[اسم المشروع]], Tbl_Distributions[المساهم], Tbl_Contributions[[#This Row],[اسم المساهم]], Tbl_Distributions[نوع العملية], "<>تحويل بين المشاريع", Tbl_Distributions[نوع العملية], "<>مسحوب للإدارة") -> 0 | M10: =SUMIFS(Tbl_Distributions[المبلغ], Tbl_Distributions[المشروع المصدر], Tbl_Contributions[[#This Row],[اسم المشروع]], Tbl_Distributions[المساهم], Tbl_Contributions[[#This Row],[اسم المساهم]], Tbl_Distributions[نوع العملية], "مسحوب للإدارة") -> 0 | N10: =Tbl_Contributions[[#This Row],[إجمالي المستحق للمساهم]] - Tbl_Contributions[[#This Row],[المسحوبات (تتضمن رد رأس المال والأرباح)]] -> 185661.67 | O10: =IF(ISBLANK(Tbl_Contributions[[#This Row],[نسبة الإدارة الخاصة به]]), "تنبيه: نسبة الإدارة غير مسجلة", "مكتمل") -> مكتمل
A11: =IFERROR(INDEX([1]!Tbl_Projects[كود المشروع], MATCH([1]!Tbl_Contributions[[#This Row],[اسم المشروع]], [1]!Tbl_Projects[اسم المشروع], 0)), "") | B11: 8842 | C11: =IFERROR(INDEX([1]!Tbl_Investors[كود المساهم], MATCH([1]!Tbl_Contributions[[#This Row],[اسم المساهم]], [1]!Tbl_Investors[اسم المساهم], 0)), "") | D11: جمعه خلف | E11: 245000 | F11: =IF(SUMIFS(Tbl_Contributions[رأس مال المساهم], Tbl_Contributions[اسم المشروع], Tbl_Contributions[[#This Row],[اسم المشروع]])=0, 0, Tbl_Contributions[[#This Row],[رأس مال المساهم]]/SUMIFS(Tbl_Contributions[رأس مال المساهم], Tbl_Contributions[اسم المشروع], Tbl_Contributions[[#This Row],[اسم المشروع]])) -> 0.016333333 | G11: 0.2 | H11: =IFERROR(INDEX(Tbl_Projects[صافي الربح], MATCH(Tbl_Contributions[[#This Row],[اسم المشروع]], Tbl_Projects[اسم المشروع], 0)) * Tbl_Contributions[[#This Row],[نسبة مساهمته]], 0) -> -105039.67 | I11: =IF(AND(ISNUMBER(Tbl_Contributions[[#This Row],[نسبة الإدارة الخاصة به]]), Tbl_Contributions[[#This Row],[حصة الربح قبل الإدارة]]>0), Tbl_Contributions[[#This Row],[حصة الربح قبل الإدارة]] * Tbl_Contributions[[#This Row],[نسبة الإدارة الخاصة به]], 0) -> 0 | J11: =Tbl_Contributions[[#This Row],[حصة الربح قبل الإدارة]] - Tbl_Contributions[[#This Row],[نصيب الإدارة]] -> -105039.67 | K11: =Tbl_Contributions[[#This Row],[رأس مال المساهم]] + Tbl_Contributions[[#This Row],[صافي ربح المساهم]] -> 139960.33 | L11: =SUMIFS(Tbl_Distributions[المبلغ], Tbl_Distributions[المشروع المصدر], Tbl_Contributions[[#This Row],[اسم المشروع]], Tbl_Distributions[المساهم], Tbl_Contributions[[#This Row],[اسم المساهم]], Tbl_Distributions[نوع العملية], "<>تحويل بين المشاريع", Tbl_Distributions[نوع العملية], "<>مسحوب للإدارة") -> 0 | M11: =SUMIFS(Tbl_Distributions[المبلغ], Tbl_Distributions[المشروع المصدر], Tbl_Contributions[[#This Row],[اسم المشروع]], Tbl_Distributions[المساهم], Tbl_Contributions[[#This Row],[اسم المساهم]], Tbl_Distributions[نوع العملية], "مسحوب للإدارة") -> 0 | N11: =Tbl_Contributions[[#This Row],[إجمالي المستحق للمساهم]] - Tbl_Contributions[[#This Row],[المسحوبات (تتضمن رد رأس المال والأرباح)]] -> 139960.33 | O11: =IF(ISBLANK(Tbl_Contributions[[#This Row],[نسبة الإدارة الخاصة به]]), "تنبيه: نسبة الإدارة غير مسجلة", "مكتمل") -> مكتمل
A12: =IFERROR(INDEX([1]!Tbl_Projects[كود المشروع], MATCH([1]!Tbl_Contributions[[#This Row],[اسم المشروع]], [1]!Tbl_Projects[اسم المشروع], 0)), "") | B12: 8842 | C12: =IFERROR(INDEX([1]!Tbl_Investors[كود المساهم], MATCH([1]!Tbl_Contributions[[#This Row],[اسم المساهم]], [1]!Tbl_Investors[اسم المساهم], 0)), "") | D12: محمد ناجى | E12: 1000000 | F12: =IF(SUMIFS(Tbl_Contributions[رأس مال المساهم], Tbl_Contributions[اسم المشروع], Tbl_Contributions[[#This Row],[اسم المشروع]])=0, 0, Tbl_Contributions[[#This Row],[رأس مال المساهم]]/SUMIFS(Tbl_Contributions[رأس مال المساهم], Tbl_Contributions[اسم المشروع], Tbl_Contributions[[#This Row],[اسم المشروع]])) -> 0.066666667 | G12: 0.2 | H12: =IFERROR(INDEX(Tbl_Projects[صافي الربح], MATCH(Tbl_Contributions[[#This Row],[اسم المشروع]], Tbl_Projects[اسم المشروع], 0)) * Tbl_Contributions[[#This Row],[نسبة مساهمته]], 0) -> -428733.33 | I12: =IF(AND(ISNUMBER(Tbl_Contributions[[#This Row],[نسبة الإدارة الخاصة به]]), Tbl_Contributions[[#This Row],[حصة الربح قبل الإدارة]]>0), Tbl_Contributions[[#This Row],[حصة الربح قبل الإدارة]] * Tbl_Contributions[[#This Row],[نسبة الإدارة الخاصة به]], 0) -> 0 | J12: =Tbl_Contributions[[#This Row],[حصة الربح قبل الإدارة]] - Tbl_Contributions[[#This Row],[نصيب الإدارة]] -> -428733.33 | K12: =Tbl_Contributions[[#This Row],[رأس مال المساهم]] + Tbl_Contributions[[#This Row],[صافي ربح المساهم]] -> 571266.67 | L12: =SUMIFS(Tbl_Distributions[المبلغ], Tbl_Distributions[المشروع المصدر], Tbl_Contributions[[#This Row],[اسم المشروع]], Tbl_Distributions[المساهم], Tbl_Contributions[[#This Row],[اسم المساهم]], Tbl_Distributions[نوع العملية], "<>تحويل بين المشاريع", Tbl_Distributions[نوع العملية], "<>مسحوب للإدارة") -> 0 | M12: =SUMIFS(Tbl_Distributions[المبلغ], Tbl_Distributions[المشروع المصدر], Tbl_Contributions[[#This Row],[اسم المشروع]], Tbl_Distributions[المساهم], Tbl_Contributions[[#This Row],[اسم المساهم]], Tbl_Distributions[نوع العملية], "مسحوب للإدارة") -> 0 | N12: =Tbl_Contributions[[#This Row],[إجمالي المستحق للمساهم]] - Tbl_Contributions[[#This Row],[المسحوبات (تتضمن رد رأس المال والأرباح)]] -> 571266.67 | O12: =IF(ISBLANK(Tbl_Contributions[[#This Row],[نسبة الإدارة الخاصة به]]), "تنبيه: نسبة الإدارة غير مسجلة", "مكتمل") -> مكتمل
A13: =IFERROR(INDEX([1]!Tbl_Projects[كود المشروع], MATCH([1]!Tbl_Contributions[[#This Row],[اسم المشروع]], [1]!Tbl_Projects[اسم المشروع], 0)), "") | B13: 8842 | C13: =IFERROR(INDEX([1]!Tbl_Investors[كود المساهم], MATCH([1]!Tbl_Contributions[[#This Row],[اسم المساهم]], [1]!Tbl_Investors[اسم المساهم], 0)), "") | D13: عماد تقى نقى | E13: 450000 | F13: =IF(SUMIFS(Tbl_Contributions[رأس مال المساهم], Tbl_Contributions[اسم المشروع], Tbl_Contributions[[#This Row],[اسم المشروع]])=0, 0, Tbl_Contributions[[#This Row],[رأس مال المساهم]]/SUMIFS(Tbl_Contributions[رأس مال المساهم], Tbl_Contributions[اسم المشروع], Tbl_Contributions[[#This Row],[اسم المشروع]])) -> 0.03 | G13: 0.2 | H13: =IFERROR(INDEX(Tbl_Projects[صافي الربح], MATCH(Tbl_Contributions[[#This Row],[اسم المشروع]], Tbl_Projects[اسم المشروع], 0)) * Tbl_Contributions[[#This Row],[نسبة مساهمته]], 0) -> -192930 | I13: =IF(AND(ISNUMBER(Tbl_Contributions[[#This Row],[نسبة الإدارة الخاصة به]]), Tbl_Contributions[[#This Row],[حصة الربح قبل الإدارة]]>0), Tbl_Contributions[[#This Row],[حصة الربح قبل الإدارة]] * Tbl_Contributions[[#This Row],[نسبة الإدارة الخاصة به]], 0) -> 0 | J13: =Tbl_Contributions[[#This Row],[حصة الربح قبل الإدارة]] - Tbl_Contributions[[#This Row],[نصيب الإدارة]] -> -192930 | K13: =Tbl_Contributions[[#This Row],[رأس مال المساهم]] + Tbl_Contributions[[#This Row],[صافي ربح المساهم]] -> 257070 | L13: =SUMIFS(Tbl_Distributions[المبلغ], Tbl_Distributions[المشروع المصدر], Tbl_Contributions[[#This Row],[اسم المشروع]], Tbl_Distributions[المساهم], Tbl_Contributions[[#This Row],[اسم المساهم]], Tbl_Distributions[نوع العملية], "<>تحويل بين المشاريع", Tbl_Distributions[نوع العملية], "<>مسحوب للإدارة") -> 0 | M13: =SUMIFS(Tbl_Distributions[المبلغ], Tbl_Distributions[المشروع المصدر], Tbl_Contributions[[#This Row],[اسم المشروع]], Tbl_Distributions[المساهم], Tbl_Contributions[[#This Row],[اسم المساهم]], Tbl_Distributions[نوع العملية], "مسحوب للإدارة") -> 0 | N13: =Tbl_Contributions[[#This Row],[إجمالي المستحق للمساهم]] - Tbl_Contributions[[#This Row],[المسحوبات (تتضمن رد رأس المال والأرباح)]] -> 257070 | O13: =IF(ISBLANK(Tbl_Contributions[[#This Row],[نسبة الإدارة الخاصة به]]), "تنبيه: نسبة الإدارة غير مسجلة", "مكتمل") -> مكتمل
A14: =IFERROR(INDEX([1]!Tbl_Projects[كود المشروع], MATCH([1]!Tbl_Contributions[[#This Row],[اسم المشروع]], [1]!Tbl_Projects[اسم المشروع], 0)), "") | B14: 8842 | C14: =IFERROR(INDEX([1]!Tbl_Investors[كود المساهم], MATCH([1]!Tbl_Contributions[[#This Row],[اسم المساهم]], [1]!Tbl_Investors[اسم المساهم], 0)), "") | D14: امدحت | E14: 750000 | F14: =IF(SUMIFS(Tbl_Contributions[رأس مال المساهم], Tbl_Contributions[اسم المشروع], Tbl_Contributions[[#This Row],[اسم المشروع]])=0, 0, Tbl_Contributions[[#This Row],[رأس مال المساهم]]/SUMIFS(Tbl_Contributions[رأس مال المساهم], Tbl_Contributions[اسم المشروع], Tbl_Contributions[[#This Row],[اسم المشروع]])) -> 0.05 | G14: 0.2 | H14: =IFERROR(INDEX(Tbl_Projects[صافي الربح], MATCH(Tbl_Contributions[[#This Row],[اسم المشروع]], Tbl_Projects[اسم المشروع], 0)) * Tbl_Contributions[[#This Row],[نسبة مساهمته]], 0) -> -321550 | I14: =IF(AND(ISNUMBER(Tbl_Contributions[[#This Row],[نسبة الإدارة الخاصة به]]), Tbl_Contributions[[#This Row],[حصة الربح قبل الإدارة]]>0), Tbl_Contributions[[#This Row],[حصة الربح قبل الإدارة]] * Tbl_Contributions[[#This Row],[نسبة الإدارة الخاصة به]], 0) -> 0 | J14: =Tbl_Contributions[[#This Row],[حصة الربح قبل الإدارة]] - Tbl_Contributions[[#This Row],[نصيب الإدارة]] -> -321550 | K14: =Tbl_Contributions[[#This Row],[رأس مال المساهم]] + Tbl_Contributions[[#This Row],[صافي ربح المساهم]] -> 428450 | L14: =SUMIFS(Tbl_Distributions[المبلغ], Tbl_Distributions[المشروع المصدر], Tbl_Contributions[[#This Row],[اسم المشروع]], Tbl_Distributions[المساهم], Tbl_Contributions[[#This Row],[اسم المساهم]], Tbl_Distributions[نوع العملية], "<>تحويل بين المشاريع", Tbl_Distributions[نوع العملية], "<>مسحوب للإدارة") -> 0 | M14: =SUMIFS(Tbl_Distributions[المبلغ], Tbl_Distributions[المشروع المصدر], Tbl_Contributions[[#This Row],[اسم المشروع]], Tbl_Distributions[المساهم], Tbl_Contributions[[#This Row],[اسم المساهم]], Tbl_Distributions[نوع العملية], "مسحوب للإدارة") -> 0 | N14: =Tbl_Contributions[[#This Row],[إجمالي المستحق للمساهم]] - Tbl_Contributions[[#This Row],[المسحوبات (تتضمن رد رأس المال والأرباح)]] -> 428450 | O14: =IF(ISBLANK(Tbl_Contributions[[#This Row],[نسبة الإدارة الخاصة به]]), "تنبيه: نسبة الإدارة غير مسجلة", "مكتمل") -> مكتمل
... A42: =IFERROR(INDEX([1]!Tbl_Projects[كود المشروع], MATCH([1]!Tbl_Contributions[[#This Row],[اسم المشروع]], [1]!Tbl_Projects[اسم المشروع], 0)), "") | B42: خلف قطعة بلال قطعه 12 | C42: =IFERROR(INDEX([1]!Tbl_Investors[كود المساهم], MATCH([1]!Tbl_Contributions[[#This Row],[اسم المساهم]], [1]!Tbl_Investors[اسم المساهم], 0)), "") | D42: امدحت | E42: 100000 | F42: =IF(SUMIFS(Tbl_Contributions[رأس مال المساهم], Tbl_Contributions[اسم المشروع], Tbl_Contributions[[#This Row],[اسم المشروع]])=0, 0, Tbl_Contributions[[#This Row],[رأس مال المساهم]]/SUMIFS(Tbl_Contributions[رأس مال المساهم], Tbl_Contributions[اسم المشروع], Tbl_Contributions[[#This Row],[اسم المشروع]])) -> 0.02 | G42: 0.2 | H42: =IFERROR(INDEX(Tbl_Projects[صافي الربح], MATCH(Tbl_Contributions[[#This Row],[اسم المشروع]], Tbl_Projects[اسم المشروع], 0)) * Tbl_Contributions[[#This Row],[نسبة مساهمته]], 0) -> -100000 | I42: =IF(AND(ISNUMBER(Tbl_Contributions[[#This Row],[نسبة الإدارة الخاصة به]]), Tbl_Contributions[[#This Row],[حصة الربح قبل الإدارة]]>0), Tbl_Contributions[[#This Row],[حصة الربح قبل الإدارة]] * Tbl_Contributions[[#This Row],[نسبة الإدارة الخاصة به]], 0) -> 0 | J42: =Tbl_Contributions[[#This Row],[حصة الربح قبل الإدارة]] - Tbl_Contributions[[#This Row],[نصيب الإدارة]] -> -100000 | K42: =Tbl_Contributions[[#This Row],[رأس مال المساهم]] + Tbl_Contributions[[#This Row],[صافي ربح المساهم]] -> 0 | L42: =SUMIFS(Tbl_Distributions[المبلغ], Tbl_Distributions[المشروع المصدر], Tbl_Contributions[[#This Row],[اسم المشروع]], Tbl_Distributions[المساهم], Tbl_Contributions[[#This Row],[اسم المساهم]], Tbl_Distributions[نوع العملية], "<>تحويل بين المشاريع", Tbl_Distributions[نوع العملية], "<>مسحوب للإدارة") -> 0 | M42: =SUMIFS(Tbl_Distributions[المبلغ], Tbl_Distributions[المشروع المصدر], Tbl_Contributions[[#This Row],[اسم المشروع]], Tbl_Distributions[المساهم], Tbl_Contributions[[#This Row],[اسم المساهم]], Tbl_Distributions[نوع العملية], "مسحوب للإدارة") -> 0 | N42: =Tbl_Contributions[[#This Row],[إجمالي المستحق للمساهم]] - Tbl_Contributions[[#This Row],[المسحوبات (تتضمن رد رأس المال والأرباح)]] -> 0 | O42: =IF(ISBLANK(Tbl_Contributions[[#This Row],[نسبة الإدارة الخاصة به]]), "تنبيه: نسبة الإدارة غير مسجلة", "مكتمل") -> مكتمل
A43: =IFERROR(INDEX([1]!Tbl_Projects[كود المشروع], MATCH([1]!Tbl_Contributions[[#This Row],[اسم المشروع]], [1]!Tbl_Projects[اسم المشروع], 0)), "") | B43: شقة الاكاديمية | D43: مايز محمد | E43: 200000 | F43: =IF(SUMIFS(Tbl_Contributions[رأس مال المساهم], Tbl_Contributions[اسم المشروع], Tbl_Contributions[[#This Row],[اسم المشروع]])=0, 0, Tbl_Contributions[[#This Row],[رأس مال المساهم]]/SUMIFS(Tbl_Contributions[رأس مال المساهم], Tbl_Contributions[اسم المشروع], Tbl_Contributions[[#This Row],[اسم المشروع]])) -> 0.064516129 | G43: 0.2 | H43: =IFERROR(INDEX(Tbl_Projects[صافي الربح], MATCH(Tbl_Contributions[[#This Row],[اسم المشروع]], Tbl_Projects[اسم المشروع], 0)) * Tbl_Contributions[[#This Row],[نسبة مساهمته]], 0) -> 46451.613 | I43: =IF(AND(ISNUMBER(Tbl_Contributions[[#This Row],[نسبة الإدارة الخاصة به]]), Tbl_Contributions[[#This Row],[حصة الربح قبل الإدارة]]>0), Tbl_Contributions[[#This Row],[حصة الربح قبل الإدارة]] * Tbl_Contributions[[#This Row],[نسبة الإدارة الخاصة به]], 0) -> 9290.3226 | J43: =Tbl_Contributions[[#This Row],[حصة الربح قبل الإدارة]] - Tbl_Contributions[[#This Row],[نصيب الإدارة]] -> 37161.29 | K43: =Tbl_Contributions[[#This Row],[رأس مال المساهم]] + Tbl_Contributions[[#This Row],[صافي ربح المساهم]] -> 237161.29 | L43: =SUMIFS(Tbl_Distributions[المبلغ], Tbl_Distributions[المشروع المصدر], Tbl_Contributions[[#This Row],[اسم المشروع]], Tbl_Distributions[المساهم], Tbl_Contributions[[#This Row],[اسم المساهم]], Tbl_Distributions[نوع العملية], "<>تحويل بين المشاريع", Tbl_Distributions[نوع العملية], "<>مسحوب للإدارة") -> 0 | M43: =SUMIFS(Tbl_Distributions[المبلغ], Tbl_Distributions[المشروع المصدر], Tbl_Contributions[[#This Row],[اسم المشروع]], Tbl_Distributions[المساهم], Tbl_Contributions[[#This Row],[اسم المساهم]], Tbl_Distributions[نوع العملية], "مسحوب للإدارة") -> 0 | N43: =Tbl_Contributions[[#This Row],[إجمالي المستحق للمساهم]] - Tbl_Contributions[[#This Row],[المسحوبات (تتضمن رد رأس المال والأرباح)]] -> 237161.29 | O43: =IF(ISBLANK(Tbl_Contributions[[#This Row],[نسبة الإدارة الخاصة به]]), "تنبيه: نسبة الإدارة غير مسجلة", "مكتمل") -> مكتمل
A44: =IFERROR(INDEX([1]!Tbl_Projects[كود المشروع], MATCH([1]!Tbl_Contributions[[#This Row],[اسم المشروع]], [1]!Tbl_Projects[اسم المشروع], 0)), "") | B44: شقة الاكاديمية | D44: زكريا على | E44: 583333 | F44: =IF(SUMIFS(Tbl_Contributions[رأس مال المساهم], Tbl_Contributions[اسم المشروع], Tbl_Contributions[[#This Row],[اسم المشروع]])=0, 0, Tbl_Contributions[[#This Row],[رأس مال المساهم]]/SUMIFS(Tbl_Contributions[رأس مال المساهم], Tbl_Contributions[اسم المشروع], Tbl_Contributions[[#This Row],[اسم المشروع]])) -> 0.18817194 | G44: 0.2 | H44: =IFERROR(INDEX(Tbl_Projects[صافي الربح], MATCH(Tbl_Contributions[[#This Row],[اسم المشروع]], Tbl_Projects[اسم المشروع], 0)) * Tbl_Contributions[[#This Row],[نسبة مساهمته]], 0) -> 135483.79 | I44: =IF(AND(ISNUMBER(Tbl_Contributions[[#This Row],[نسبة الإدارة الخاصة به]]), Tbl_Contributions[[#This Row],[حصة الربح قبل الإدارة]]>0), Tbl_Contributions[[#This Row],[حصة الربح قبل الإدارة]] * Tbl_Contributions[[#This Row],[نسبة الإدارة الخاصة به]], 0) -> 27096.759 | J44: =Tbl_Contributions[[#This Row],[حصة الربح قبل الإدارة]] - Tbl_Contributions[[#This Row],[نصيب الإدارة]] -> 108387.03 | K44: =Tbl_Contributions[[#This Row],[رأس مال المساهم]] + Tbl_Contributions[[#This Row],[صافي ربح المساهم]] -> 691720.03 | L44: =SUMIFS(Tbl_Distributions[المبلغ], Tbl_Distributions[المشروع المصدر], Tbl_Contributions[[#This Row],[اسم المشروع]], Tbl_Distributions[المساهم], Tbl_Contributions[[#This Row],[اسم المساهم]], Tbl_Distributions[نوع العملية], "<>تحويل بين المشاريع", Tbl_Distributions[نوع العملية], "<>مسحوب للإدارة") -> 0 | M44: =SUMIFS(Tbl_Distributions[المبلغ], Tbl_Distributions[المشروع المصدر], Tbl_Contributions[[#This Row],[اسم المشروع]], Tbl_Distributions[المساهم], Tbl_Contributions[[#This Row],[اسم المساهم]], Tbl_Distributions[نوع العملية], "مسحوب للإدارة") -> 0 | N44: =Tbl_Contributions[[#This Row],[إجمالي المستحق للمساهم]] - Tbl_Contributions[[#This Row],[المسحوبات (تتضمن رد رأس المال والأرباح)]] -> 691720.03 | O44: =IF(ISBLANK(Tbl_Contributions[[#This Row],[نسبة الإدارة الخاصة به]]), "تنبيه: نسبة الإدارة غير مسجلة", "مكتمل") -> مكتمل
A45: =IFERROR(INDEX([1]!Tbl_Projects[كود المشروع], MATCH([1]!Tbl_Contributions[[#This Row],[اسم المشروع]], [1]!Tbl_Projects[اسم المشروع], 0)), "") | B45: شقة الاكاديمية | D45: رمضان رجب | E45: 61667 | F45: =IF(SUMIFS(Tbl_Contributions[رأس مال المساهم], Tbl_Contributions[اسم المشروع], Tbl_Contributions[[#This Row],[اسم المشروع]])=0, 0, Tbl_Contributions[[#This Row],[رأس مال المساهم]]/SUMIFS(Tbl_Contributions[رأس مال المساهم], Tbl_Contributions[اسم المشروع], Tbl_Contributions[[#This Row],[اسم المشروع]])) -> 0.019892581 | G45: 0.2 | H45: =IFERROR(INDEX(Tbl_Projects[صافي الربح], MATCH(Tbl_Contributions[[#This Row],[اسم المشروع]], Tbl_Projects[اسم المشروع], 0)) * Tbl_Contributions[[#This Row],[نسبة مساهمته]], 0) -> 14322.658 | I45: =IF(AND(ISNUMBER(Tbl_Contributions[[#This Row],[نسبة الإدارة الخاصة به]]), Tbl_Contributions[[#This Row],[حصة الربح قبل الإدارة]]>0), Tbl_Contributions[[#This Row],[حصة الربح قبل الإدارة]] * Tbl_Contributions[[#This Row],[نسبة الإدارة الخاصة به]], 0) -> 2864.5316 | J45: =Tbl_Contributions[[#This Row],[حصة الربح قبل الإدارة]] - Tbl_Contributions[[#This Row],[نصيب الإدارة]] -> 11458.126 | K45: =Tbl_Contributions[[#This Row],[رأس مال المساهم]] + Tbl_Contributions[[#This Row],[صافي ربح المساهم]] -> 73125.126 | L45: =SUMIFS(Tbl_Distributions[المبلغ], Tbl_Distributions[المشروع المصدر], Tbl_Contributions[[#This Row],[اسم المشروع]], Tbl_Distributions[المساهم], Tbl_Contributions[[#This Row],[اسم المساهم]], Tbl_Distributions[نوع العملية], "<>تحويل بين المشاريع", Tbl_Distributions[نوع العملية], "<>مسحوب للإدارة") -> 0 | M45: =SUMIFS(Tbl_Distributions[المبلغ], Tbl_Distributions[المشروع المصدر], Tbl_Contributions[[#This Row],[اسم المشروع]], Tbl_Distributions[المساهم], Tbl_Contributions[[#This Row],[اسم المساهم]], Tbl_Distributions[نوع العملية], "مسحوب للإدارة") -> 0 | N45: =Tbl_Contributions[[#This Row],[إجمالي المستحق للمساهم]] - Tbl_Contributions[[#This Row],[المسحوبات (تتضمن رد رأس المال والأرباح)]] -> 73125.126 | O45: =IF(ISBLANK(Tbl_Contributions[[#This Row],[نسبة الإدارة الخاصة به]]), "تنبيه: نسبة الإدارة غير مسجلة", "مكتمل") -> مكتمل
A46: =IFERROR(INDEX([1]!Tbl_Projects[كود المشروع], MATCH([1]!Tbl_Contributions[[#This Row],[اسم المشروع]], [1]!Tbl_Projects[اسم المشروع], 0)), "") | B46: شقة الاكاديمية | D46: اشرف ابراهيم | E46: 20833 | F46: =IF(SUMIFS(Tbl_Contributions[رأس مال المساهم], Tbl_Contributions[اسم المشروع], Tbl_Contributions[[#This Row],[اسم المشروع]])=0, 0, Tbl_Contributions[[#This Row],[رأس مال المساهم]]/SUMIFS(Tbl_Contributions[رأس مال المساهم], Tbl_Contributions[اسم المشروع], Tbl_Contributions[[#This Row],[اسم المشروع]])) -> 0.0067203226 | G46: 0.2 | H46: =IFERROR(INDEX(Tbl_Projects[صافي الربح], MATCH(Tbl_Contributions[[#This Row],[اسم المشروع]], Tbl_Projects[اسم المشروع], 0)) * Tbl_Contributions[[#This Row],[نسبة مساهمته]], 0) -> 4838.6323 | I46: =IF(AND(ISNUMBER(Tbl_Contributions[[#This Row],[نسبة الإدارة الخاصة به]]), Tbl_Contributions[[#This Row],[حصة الربح قبل الإدارة]]>0), Tbl_Contributions[[#This Row],[حصة الربح قبل الإدارة]] * Tbl_Contributions[[#This Row],[نسبة الإدارة الخاصة به]], 0) -> 967.72645 | J46: =Tbl_Contributions[[#This Row],[حصة الربح قبل الإدارة]] - Tbl_Contributions[[#This Row],[نصيب الإدارة]] -> 3870.9058 | K46: =Tbl_Contributions[[#This Row],[رأس مال المساهم]] + Tbl_Contributions[[#This Row],[صافي ربح المساهم]] -> 24703.906 | L46: =SUMIFS(Tbl_Distributions[المبلغ], Tbl_Distributions[المشروع المصدر], Tbl_Contributions[[#This Row],[اسم المشروع]], Tbl_Distributions[المساهم], Tbl_Contributions[[#This Row],[اسم المساهم]], Tbl_Distributions[نوع العملية], "<>تحويل بين المشاريع", Tbl_Distributions[نوع العملية], "<>مسحوب للإدارة") -> 0 | M46: =SUMIFS(Tbl_Distributions[المبلغ], Tbl_Distributions[المشروع المصدر], Tbl_Contributions[[#This Row],[اسم المشروع]], Tbl_Distributions[المساهم], Tbl_Contributions[[#This Row],[اسم المساهم]], Tbl_Distributions[نوع العملية], "مسحوب للإدارة") -> 0 | N46: =Tbl_Contributions[[#This Row],[إجمالي المستحق للمساهم]] - Tbl_Contributions[[#This Row],[المسحوبات (تتضمن رد رأس المال والأرباح)]] -> 24703.906 | O46: =IF(ISBLANK(Tbl_Contributions[[#This Row],[نسبة الإدارة الخاصة به]]), "تنبيه: نسبة الإدارة غير مسجلة", "مكتمل") -> مكتمل
A47: =IFERROR(INDEX([1]!Tbl_Projects[كود المشروع], MATCH([1]!Tbl_Contributions[[#This Row],[اسم المشروع]], [1]!Tbl_Projects[اسم المشروع], 0)), "") | B47: شقة الاكاديمية | D47: على ممدوح | E47: 140000 | F47: =IF(SUMIFS(Tbl_Contributions[رأس مال المساهم], Tbl_Contributions[اسم المشروع], Tbl_Contributions[[#This Row],[اسم المشروع]])=0, 0, Tbl_Contributions[[#This Row],[رأس مال المساهم]]/SUMIFS(Tbl_Contributions[رأس مال المساهم], Tbl_Contributions[اسم المشروع], Tbl_Contributions[[#This Row],[اسم المشروع]])) -> 0.04516129 | G47: 0.2 | H47: =IFERROR(INDEX(Tbl_Projects[صافي الربح], MATCH(Tbl_Contributions[[#This Row],[اسم المشروع]], Tbl_Projects[اسم المشروع], 0)) * Tbl_Contributions[[#This Row],[نسبة مساهمته]], 0) -> 32516.129 | I47: =IF(AND(ISNUMBER(Tbl_Contributions[[#This Row],[نسبة الإدارة الخاصة به]]), Tbl_Contributions[[#This Row],[حصة الربح قبل الإدارة]]>0), Tbl_Contributions[[#This Row],[حصة الربح قبل الإدارة]] * Tbl_Contributions[[#This Row],[نسبة الإدارة الخاصة به]], 0) -> 6503.2258 | J47: =Tbl_Contributions[[#This Row],[حصة الربح قبل الإدارة]] - Tbl_Contributions[[#This Row],[نصيب الإدارة]] -> 26012.903 | K47: =Tbl_Contributions[[#This Row],[رأس مال المساهم]] + Tbl_Contributions[[#This Row],[صافي ربح المساهم]] -> 166012.9 | L47: =SUMIFS(Tbl_Distributions[المبلغ], Tbl_Distributions[المشروع المصدر], Tbl_Contributions[[#This Row],[اسم المشروع]], Tbl_Distributions[المساهم], Tbl_Contributions[[#This Row],[اسم المساهم]], Tbl_Distributions[نوع العملية], "<>تحويل بين المشاريع", Tbl_Distributions[نوع العملية], "<>مسحوب للإدارة") -> 0 | M47: =SUMIFS(Tbl_Distributions[المبلغ], Tbl_Distributions[المشروع المصدر], Tbl_Contributions[[#This Row],[اسم المشروع]], Tbl_Distributions[المساهم], Tbl_Contributions[[#This Row],[اسم المساهم]], Tbl_Distributions[نوع العملية], "مسحوب للإدارة") -> 0 | N47: =Tbl_Contributions[[#This Row],[إجمالي المستحق للمساهم]] - Tbl_Contributions[[#This Row],[المسحوبات (تتضمن رد رأس المال والأرباح)]] -> 166012.9 | O47: =IF(ISBLANK(Tbl_Contributions[[#This Row],[نسبة الإدارة الخاصة به]]), "تنبيه: نسبة الإدارة غير مسجلة", "مكتمل") -> مكتمل
A48: =IFERROR(INDEX([1]!Tbl_Projects[كود المشروع], MATCH([1]!Tbl_Contributions[[#This Row],[اسم المشروع]], [1]!Tbl_Projects[اسم المشروع], 0)), "") | B48: شقة الاكاديمية | D48: الحاج خلف الارض | E48: 586667 | F48: =IF(SUMIFS(Tbl_Contributions[رأس مال المساهم], Tbl_Contributions[اسم المشروع], Tbl_Contributions[[#This Row],[اسم المشروع]])=0, 0, Tbl_Contributions[[#This Row],[رأس مال المساهم]]/SUMIFS(Tbl_Contributions[رأس مال المساهم], Tbl_Contributions[اسم المشروع], Tbl_Contributions[[#This Row],[اسم المشروع]])) -> 0.18924742 | G48: 0.2 | H48: =IFERROR(INDEX(Tbl_Projects[صافي الربح], MATCH(Tbl_Contributions[[#This Row],[اسم المشروع]], Tbl_Projects[اسم المشروع], 0)) * Tbl_Contributions[[#This Row],[نسبة مساهمته]], 0) -> 136258.14 | I48: =IF(AND(ISNUMBER(Tbl_Contributions[[#This Row],[نسبة الإدارة الخاصة به]]), Tbl_Contributions[[#This Row],[حصة الربح قبل الإدارة]]>0), Tbl_Contributions[[#This Row],[حصة الربح قبل الإدارة]] * Tbl_Contributions[[#This Row],[نسبة الإدارة الخاصة به]], 0) -> 27251.628 | J48: =Tbl_Contributions[[#This Row],[حصة الربح قبل الإدارة]] - Tbl_Contributions[[#This Row],[نصيب الإدارة]] -> 109006.51 | K48: =Tbl_Contributions[[#This Row],[رأس مال المساهم]] + Tbl_Contributions[[#This Row],[صافي ربح المساهم]] -> 695673.51 | L48: =SUMIFS(Tbl_Distributions[المبلغ], Tbl_Distributions[المشروع المصدر], Tbl_Contributions[[#This Row],[اسم المشروع]], Tbl_Distributions[المساهم], Tbl_Contributions[[#This Row],[اسم المساهم]], Tbl_Distributions[نوع العملية], "<>تحويل بين المشاريع", Tbl_Distributions[نوع العملية], "<>مسحوب للإدارة") -> 0 | M48: =SUMIFS(Tbl_Distributions[المبلغ], Tbl_Distributions[المشروع المصدر], Tbl_Contributions[[#This Row],[اسم المشروع]], Tbl_Distributions[المساهم], Tbl_Contributions[[#This Row],[اسم المساهم]], Tbl_Distributions[نوع العملية], "مسحوب للإدارة") -> 0 | N48: =Tbl_Contributions[[#This Row],[إجمالي المستحق للمساهم]] - Tbl_Contributions[[#This Row],[المسحوبات (تتضمن رد رأس المال والأرباح)]] -> 695673.51 | O48: =IF(ISBLANK(Tbl_Contributions[[#This Row],[نسبة الإدارة الخاصة به]]), "تنبيه: نسبة الإدارة غير مسجلة", "مكتمل") -> مكتمل
A49: =IFERROR(INDEX([1]!Tbl_Projects[كود المشروع], MATCH([1]!Tbl_Contributions[[#This Row],[اسم المشروع]], [1]!Tbl_Projects[اسم المشروع], 0)), "") | B49: شقة الاكاديمية | D49: جمعه خلف | E49: 40833 | F49: =IF(SUMIFS(Tbl_Contributions[رأس مال المساهم], Tbl_Contributions[اسم المشروع], Tbl_Contributions[[#This Row],[اسم المشروع]])=0, 0, Tbl_Contributions[[#This Row],[رأس مال المساهم]]/SUMIFS(Tbl_Contributions[رأس مال المساهم], Tbl_Contributions[اسم المشروع], Tbl_Contributions[[#This Row],[اسم المشروع]])) -> 0.013171935 | G49: 0.2 | H49: =IFERROR(INDEX(Tbl_Projects[صافي الربح], MATCH(Tbl_Contributions[[#This Row],[اسم المشروع]], Tbl_Projects[اسم المشروع], 0)) * Tbl_Contributions[[#This Row],[نسبة مساهمته]], 0) -> 9483.7935 | I49: =IF(AND(ISNUMBER(Tbl_Contributions[[#This Row],[نسبة الإدارة الخاصة به]]), Tbl_Contributions[[#This Row],[حصة الربح قبل الإدارة]]>0), Tbl_Contributions[[#This Row],[حصة الربح قبل الإدارة]] * Tbl_Contributions[[#This Row],[نسبة الإدارة الخاصة به]], 0) -> 1896.7587 | J49: =Tbl_Contributions[[#This Row],[حصة الربح قبل الإدارة]] - Tbl_Contributions[[#This Row],[نصيب الإدارة]] -> 7587.0348 | K49: =Tbl_Contributions[[#This Row],[رأس مال المساهم]] + Tbl_Contributions[[#This Row],[صافي ربح المساهم]] -> 48420.035 | L49: =SUMIFS(Tbl_Distributions[المبلغ], Tbl_Distributions[المشروع المصدر], Tbl_Contributions[[#This Row],[اسم المشروع]], Tbl_Distributions[المساهم], Tbl_Contributions[[#This Row],[اسم المساهم]], Tbl_Distributions[نوع العملية], "<>تحويل بين المشاريع", Tbl_Distributions[نوع العملية], "<>مسحوب للإدارة") -> 0 | M49: =SUMIFS(Tbl_Distributions[المبلغ], Tbl_Distributions[المشروع المصدر], Tbl_Contributions[[#This Row],[اسم المشروع]], Tbl_Distributions[المساهم], Tbl_Contributions[[#This Row],[اسم المساهم]], Tbl_Distributions[نوع العملية], "مسحوب للإدارة") -> 0 | N49: =Tbl_Contributions[[#This Row],[إجمالي المستحق للمساهم]] - Tbl_Contributions[[#This Row],[المسحوبات (تتضمن رد رأس المال والأرباح)]] -> 48420.035 | O49: =IF(ISBLANK(Tbl_Contributions[[#This Row],[نسبة الإدارة الخاصة به]]), "تنبيه: نسبة الإدارة غير مسجلة", "مكتمل") -> مكتمل
A50: =IFERROR(INDEX([1]!Tbl_Projects[كود المشروع], MATCH([1]!Tbl_Contributions[[#This Row],[اسم المشروع]], [1]!Tbl_Projects[اسم المشروع], 0)), "") | B50: شقة الاكاديمية | D50: محمد ناجى | E50: 166667 | F50: =IF(SUMIFS(Tbl_Contributions[رأس مال المساهم], Tbl_Contributions[اسم المشروع], Tbl_Contributions[[#This Row],[اسم المشروع]])=0, 0, Tbl_Contributions[[#This Row],[رأس مال المساهم]]/SUMIFS(Tbl_Contributions[رأس مال المساهم], Tbl_Contributions[اسم المشروع], Tbl_Contributions[[#This Row],[اسم المشروع]])) -> 0.053763548 | G50: 0.2 | H50: =IFERROR(INDEX(Tbl_Projects[صافي الربح], MATCH(Tbl_Contributions[[#This Row],[اسم المشروع]], Tbl_Projects[اسم المشروع], 0)) * Tbl_Contributions[[#This Row],[نسبة مساهمته]], 0) -> 38709.755 | I50: =IF(AND(ISNUMBER(Tbl_Contributions[[#This Row],[نسبة الإدارة الخاصة به]]), Tbl_Contributions[[#This Row],[حصة الربح قبل الإدارة]]>0), Tbl_Contributions[[#This Row],[حصة الربح قبل الإدارة]] * Tbl_Contributions[[#This Row],[نسبة الإدارة الخاصة به]], 0) -> 7741.951 | J50: =Tbl_Contributions[[#This Row],[حصة الربح قبل الإدارة]] - Tbl_Contributions[[#This Row],[نصيب الإدارة]] -> 30967.804 | K50: =Tbl_Contributions[[#This Row],[رأس مال المساهم]] + Tbl_Contributions[[#This Row],[صافي ربح المساهم]] -> 197634.8 | L50: =SUMIFS(Tbl_Distributions[المبلغ], Tbl_Distributions[المشروع المصدر], Tbl_Contributions[[#This Row],[اسم المشروع]], Tbl_Distributions[المساهم], Tbl_Contributions[[#This Row],[اسم المساهم]], Tbl_Distributions[نوع العملية], "<>تحويل بين المشاريع", Tbl_Distributions[نوع العملية], "<>مسحوب للإدارة") -> 0 | M50: =SUMIFS(Tbl_Distributions[المبلغ], Tbl_Distributions[المشروع المصدر], Tbl_Contributions[[#This Row],[اسم المشروع]], Tbl_Distributions[المساهم], Tbl_Contributions[[#This Row],[اسم المساهم]], Tbl_Distributions[نوع العملية], "مسحوب للإدارة") -> 0 | N50: =Tbl_Contributions[[#This Row],[إجمالي المستحق للمساهم]] - Tbl_Contributions[[#This Row],[المسحوبات (تتضمن رد رأس المال والأرباح)]] -> 197634.8 | O50: =IF(ISBLANK(Tbl_Contributions[[#This Row],[نسبة الإدارة الخاصة به]]), "تنبيه: نسبة الإدارة غير مسجلة", "مكتمل") -> مكتمل
A51: =IFERROR(INDEX([1]!Tbl_Projects[كود المشروع], MATCH([1]!Tbl_Contributions[[#This Row],[اسم المشروع]], [1]!Tbl_Projects[اسم المشروع], 0)), "") | B51: شقة الاكاديمية | D51: عماد تقى نقى | E51: 75000 | F51: =IF(SUMIFS(Tbl_Contributions[رأس مال المساهم], Tbl_Contributions[اسم المشروع], Tbl_Contributions[[#This Row],[اسم المشروع]])=0, 0, Tbl_Contributions[[#This Row],[رأس مال المساهم]]/SUMIFS(Tbl_Contributions[رأس مال المساهم], Tbl_Contributions[اسم المشروع], Tbl_Contributions[[#This Row],[اسم المشروع]])) -> 0.024193548 | G51: 0.2 | H51: =IFERROR(INDEX(Tbl_Projects[صافي الربح], MATCH(Tbl_Contributions[[#This Row],[اسم المشروع]], Tbl_Projects[اسم المشروع], 0)) * Tbl_Contributions[[#This Row],[نسبة مساهمته]], 0) -> 17419.355 | I51: =IF(AND(ISNUMBER(Tbl_Contributions[[#This Row],[نسبة الإدارة الخاصة به]]), Tbl_Contributions[[#This Row],[حصة الربح قبل الإدارة]]>0), Tbl_Contributions[[#This Row],[حصة الربح قبل الإدارة]] * Tbl_Contributions[[#This Row],[نسبة الإدارة الخاصة به]], 0) -> 3483.871 | J51: =Tbl_Contributions[[#This Row],[حصة الربح قبل الإدارة]] - Tbl_Contributions[[#This Row],[نصيب الإدارة]] -> 13935.484 | K51: =Tbl_Contributions[[#This Row],[رأس مال المساهم]] + Tbl_Contributions[[#This Row],[صافي ربح المساهم]] -> 88935.484 | L51: =SUMIFS(Tbl_Distributions[المبلغ], Tbl_Distributions[المشروع المصدر], Tbl_Contributions[[#This Row],[اسم المشروع]], Tbl_Distributions[المساهم], Tbl_Contributions[[#This Row],[اسم المساهم]], Tbl_Distributions[نوع العملية], "<>تحويل بين المشاريع", Tbl_Distributions[نوع العملية], "<>مسحوب للإدارة") -> 0 | M51: =SUMIFS(Tbl_Distributions[المبلغ], Tbl_Distributions[المشروع المصدر], Tbl_Contributions[[#This Row],[اسم المشروع]], Tbl_Distributions[المساهم], Tbl_Contributions[[#This Row],[اسم المساهم]], Tbl_Distributions[نوع العملية], "مسحوب للإدارة") -> 0 | N51: =Tbl_Contributions[[#This Row],[إجمالي المستحق للمساهم]] - Tbl_Contributions[[#This Row],[المسحوبات (تتضمن رد رأس المال والأرباح)]] -> 88935.484 | O51: =IF(ISBLANK(Tbl_Contributions[[#This Row],[نسبة الإدارة الخاصة به]]), "تنبيه: نسبة الإدارة غير مسجلة", "مكتمل") -> مكتمل
A52: =IFERROR(INDEX([1]!Tbl_Projects[كود المشروع], MATCH([1]!Tbl_Contributions[[#This Row],[اسم المشروع]], [1]!Tbl_Projects[اسم المشروع], 0)), "") | B52: شقة الاكاديمية | D52: امدحت | E52: 125000 | F52: =IF(SUMIFS(Tbl_Contributions[رأس مال المساهم], Tbl_Contributions[اسم المشروع], Tbl_Contributions[[#This Row],[اسم المشروع]])=0, 0, Tbl_Contributions[[#This Row],[رأس مال المساهم]]/SUMIFS(Tbl_Contributions[رأس مال المساهم], Tbl_Contributions[اسم المشروع], Tbl_Contributions[[#This Row],[اسم المشروع]])) -> 0.040322581 | G52: 0.2 | H52: =IFERROR(INDEX(Tbl_Projects[صافي الربح], MATCH(Tbl_Contributions[[#This Row],[اسم المشروع]], Tbl_Projects[اسم المشروع], 0)) * Tbl_Contributions[[#This Row],[نسبة مساهمته]], 0) -> 29032.258 | I52: =IF(AND(ISNUMBER(Tbl_Contributions[[#This Row],[نسبة الإدارة الخاصة به]]), Tbl_Contributions[[#This Row],[حصة الربح قبل الإدارة]]>0), Tbl_Contributions[[#This Row],[حصة الربح قبل الإدارة]] * Tbl_Contributions[[#This Row],[نسبة الإدارة الخاصة به]], 0) -> 5806.4516 | J52: =Tbl_Contributions[[#This Row],[حصة الربح قبل الإدارة]] - Tbl_Contributions[[#This Row],[نصيب الإدارة]] -> 23225.806 | K52: =Tbl_Contributions[[#This Row],[رأس مال المساهم]] + Tbl_Contributions[[#This Row],[صافي ربح المساهم]] -> 148225.81 | L52: =SUMIFS(Tbl_Distributions[المبلغ], Tbl_Distributions[المشروع المصدر], Tbl_Contributions[[#This Row],[اسم المشروع]], Tbl_Distributions[المساهم], Tbl_Contributions[[#This Row],[اسم المساهم]], Tbl_Distributions[نوع العملية], "<>تحويل بين المشاريع", Tbl_Distributions[نوع العملية], "<>مسحوب للإدارة") -> 0 | M52: =SUMIFS(Tbl_Distributions[المبلغ], Tbl_Distributions[المشروع المصدر], Tbl_Contributions[[#This Row],[اسم المشروع]], Tbl_Distributions[المساهم], Tbl_Contributions[[#This Row],[اسم المساهم]], Tbl_Distributions[نوع العملية], "مسحوب للإدارة") -> 0 | N52: =Tbl_Contributions[[#This Row],[إجمالي المستحق للمساهم]] - Tbl_Contributions[[#This Row],[المسحوبات (تتضمن رد رأس المال والأرباح)]] -> 148225.81 | O52: =IF(ISBLANK(Tbl_Contributions[[#This Row],[نسبة الإدارة الخاصة به]]), "تنبيه: نسبة الإدارة غير مسجلة", "مكتمل") -> مكتمل
A53: =IFERROR(INDEX([1]!Tbl_Projects[كود المشروع], MATCH([1]!Tbl_Contributions[[#This Row],[اسم المشروع]], [1]!Tbl_Projects[اسم المشروع], 0)), "") | B53: شقة الاكاديمية | D53: جمال صابر | E53: 500000 | F53: =IF(SUMIFS(Tbl_Contributions[رأس مال المساهم], Tbl_Contributions[اسم المشروع], Tbl_Contributions[[#This Row],[اسم المشروع]])=0, 0, Tbl_Contributions[[#This Row],[رأس مال المساهم]]/SUMIFS(Tbl_Contributions[رأس مال المساهم], Tbl_Contributions[اسم المشروع], Tbl_Contributions[[#This Row],[اسم المشروع]])) -> 0.16129032 | G53: 0.2 | H53: =IFERROR(INDEX(Tbl_Projects[صافي الربح], MATCH(Tbl_Contributions[[#This Row],[اسم المشروع]], Tbl_Projects[اسم المشروع], 0)) * Tbl_Contributions[[#This Row],[نسبة مساهمته]], 0) -> 116129.03 | I53: =IF(AND(ISNUMBER(Tbl_Contributions[[#This Row],[نسبة الإدارة الخاصة به]]), Tbl_Contributions[[#This Row],[حصة الربح قبل الإدارة]]>0), Tbl_Contributions[[#This Row],[حصة الربح قبل الإدارة]] * Tbl_Contributions[[#This Row],[نسبة الإدارة الخاصة به]], 0) -> 23225.806 | J53: =Tbl_Contributions[[#This Row],[حصة الربح قبل الإدارة]] - Tbl_Contributions[[#This Row],[نصيب الإدارة]] -> 92903.226 | K53: =Tbl_Contributions[[#This Row],[رأس مال المساهم]] + Tbl_Contributions[[#This Row],[صافي ربح المساهم]] -> 592903.23 | L53: =SUMIFS(Tbl_Distributions[المبلغ], Tbl_Distributions[المشروع المصدر], Tbl_Contributions[[#This Row],[اسم المشروع]], Tbl_Distributions[المساهم], Tbl_Contributions[[#This Row],[اسم المساهم]], Tbl_Distributions[نوع العملية], "<>تحويل بين المشاريع", Tbl_Distributions[نوع العملية], "<>مسحوب للإدارة") -> 0 | M53: =SUMIFS(Tbl_Distributions[المبلغ], Tbl_Distributions[المشروع المصدر], Tbl_Contributions[[#This Row],[اسم المشروع]], Tbl_Distributions[المساهم], Tbl_Contributions[[#This Row],[اسم المساهم]], Tbl_Distributions[نوع العملية], "مسحوب للإدارة") -> 0 | N53: =Tbl_Contributions[[#This Row],[إجمالي المستحق للمساهم]] - Tbl_Contributions[[#This Row],[المسحوبات (تتضمن رد رأس المال والأرباح)]] -> 592903.23 | O53: =IF(ISBLANK(Tbl_Contributions[[#This Row],[نسبة الإدارة الخاصة به]]), "تنبيه: نسبة الإدارة غير مسجلة", "مكتمل") -> مكتمل
A54: =IFERROR(INDEX([1]!Tbl_Projects[كود المشروع], MATCH([1]!Tbl_Contributions[[#This Row],[اسم المشروع]], [1]!Tbl_Projects[اسم المشروع], 0)), "") | B54: شقة الاكاديمية | D54: ا/ تامر | E54: 600000 | F54: =IF(SUMIFS(Tbl_Contributions[رأس مال المساهم], Tbl_Contributions[اسم المشروع], Tbl_Contributions[[#This Row],[اسم المشروع]])=0, 0, Tbl_Contributions[[#This Row],[رأس مال المساهم]]/SUMIFS(Tbl_Contributions[رأس مال المساهم], Tbl_Contributions[اسم المشروع], Tbl_Contributions[[#This Row],[اسم المشروع]])) -> 0.19354839 | G54: 0.2 | H54: =IFERROR(INDEX(Tbl_Projects[صافي الربح], MATCH(Tbl_Contributions[[#This Row],[اسم المشروع]], Tbl_Projects[اسم المشروع], 0)) * Tbl_Contributions[[#This Row],[نسبة مساهمته]], 0) -> 139354.84 | I54: =IF(AND(ISNUMBER(Tbl_Contributions[[#This Row],[نسبة الإدارة الخاصة به]]), Tbl_Contributions[[#This Row],[حصة الربح قبل الإدارة]]>0), Tbl_Contributions[[#This Row],[حصة الربح قبل الإدارة]] * Tbl_Contributions[[#This Row],[نسبة الإدارة الخاصة به]], 0) -> 27870.968 | J54: =Tbl_Contributions[[#This Row],[حصة الربح قبل الإدارة]] - Tbl_Contributions[[#This Row],[نصيب الإدارة]] -> 111483.87 | K54: =Tbl_Contributions[[#This Row],[رأس مال المساهم]] + Tbl_Contributions[[#This Row],[صافي ربح المساهم]] -> 711483.87 | L54: =SUMIFS(Tbl_Distributions[المبلغ], Tbl_Distributions[المشروع المصدر], Tbl_Contributions[[#This Row],[اسم المشروع]], Tbl_Distributions[المساهم], Tbl_Contributions[[#This Row],[اسم المساهم]], Tbl_Distributions[نوع العملية], "<>تحويل بين المشاريع", Tbl_Distributions[نوع العملية], "<>مسحوب للإدارة") -> 0 | M54: =SUMIFS(Tbl_Distributions[المبلغ], Tbl_Distributions[المشروع المصدر], Tbl_Contributions[[#This Row],[اسم المشروع]], Tbl_Distributions[المساهم], Tbl_Contributions[[#This Row],[اسم المساهم]], Tbl_Distributions[نوع العملية], "مسحوب للإدارة") -> 0 | N54: =Tbl_Contributions[[#This Row],[إجمالي المستحق للمساهم]] - Tbl_Contributions[[#This Row],[المسحوبات (تتضمن رد رأس المال والأرباح)]] -> 711483.87 | O54: =IF(ISBLANK(Tbl_Contributions[[#This Row],[نسبة الإدارة الخاصة به]]), "تنبيه: نسبة الإدارة غير مسجلة", "مكتمل") -> مكتمل
... A67: =IFERROR(INDEX([1]!Tbl_Projects[كود المشروع], MATCH([1]!Tbl_Contributions[[#This Row],[اسم المشروع]], [1]!Tbl_Projects[اسم المشروع], 0)), "") | B67: شارع ابو شقره | D67: امدحت | E67: 83000 | F67: =IF(SUMIFS(Tbl_Contributions[رأس مال المساهم], Tbl_Contributions[اسم المشروع], Tbl_Contributions[[#This Row],[اسم المشروع]])=0, 0, Tbl_Contributions[[#This Row],[رأس مال المساهم]]/SUMIFS(Tbl_Contributions[رأس مال المساهم], Tbl_Contributions[اسم المشروع], Tbl_Contributions[[#This Row],[اسم المشروع]])) -> 0.015090909 | G67: 0.2 | H67: =IFERROR(INDEX(Tbl_Projects[صافي الربح], MATCH(Tbl_Contributions[[#This Row],[اسم المشروع]], Tbl_Projects[اسم المشروع], 0)) * Tbl_Contributions[[#This Row],[نسبة مساهمته]], 0) -> -83000 | I67: =IF(AND(ISNUMBER(Tbl_Contributions[[#This Row],[نسبة الإدارة الخاصة به]]), Tbl_Contributions[[#This Row],[حصة الربح قبل الإدارة]]>0), Tbl_Contributions[[#This Row],[حصة الربح قبل الإدارة]] * Tbl_Contributions[[#This Row],[نسبة الإدارة الخاصة به]], 0) -> 0 | J67: =Tbl_Contributions[[#This Row],[حصة الربح قبل الإدارة]] - Tbl_Contributions[[#This Row],[نصيب الإدارة]] -> -83000 | K67: =Tbl_Contributions[[#This Row],[رأس مال المساهم]] + Tbl_Contributions[[#This Row],[صافي ربح المساهم]] -> 0 | L67: =SUMIFS(Tbl_Distributions[المبلغ], Tbl_Distributions[المشروع المصدر], Tbl_Contributions[[#This Row],[اسم المشروع]], Tbl_Distributions[المساهم], Tbl_Contributions[[#This Row],[اسم المساهم]], Tbl_Distributions[نوع العملية], "<>تحويل بين المشاريع", Tbl_Distributions[نوع العملية], "<>مسحوب للإدارة") -> 0 | M67: =SUMIFS(Tbl_Distributions[المبلغ], Tbl_Distributions[المشروع المصدر], Tbl_Contributions[[#This Row],[اسم المشروع]], Tbl_Distributions[المساهم], Tbl_Contributions[[#This Row],[اسم المساهم]], Tbl_Distributions[نوع العملية], "مسحوب للإدارة") -> 0 | N67: =Tbl_Contributions[[#This Row],[إجمالي المستحق للمساهم]] - Tbl_Contributions[[#This Row],[المسحوبات (تتضمن رد رأس المال والأرباح)]] -> 0 | O67: =IF(ISBLANK(Tbl_Contributions[[#This Row],[نسبة الإدارة الخاصة به]]), "تنبيه: نسبة الإدارة غير مسجلة", "مكتمل") -> مكتمل

Sheet المبيعات
A2: رقم عملية البيع | B2: كود المشروع | C2: اسم المشروع | D2: المرحلة / الجزء المباع | E2: وصف الجزء المباع | F2: تاريخ البيع | G2: قيمة البيع | H2: طريقة البيع | I2: قيمة المقدم | J2: المتبقي عند البيع | K2: مدة التقسيط (أشهر) | L2: عدد الأقساط | M2: دورية الأقساط | N2: تاريخ أول قسط | O2: إجمالي المدفوع | P2: المتبقي الفعلي | Q2: حالة البيع | R2: ملاحظات | S2: إجمالي الأقساط المجدولة | T2: تنبيه المطابقة
A3: 1 | B3: PRJ-004 | C3: =IF(B3="","",IFERROR(VLOOKUP(B3,المشاريع!$A:$B,2,FALSE),"⚠️ المشروع غير موجود")) -> شقة الاكاديمية | D3: بالكامل | G3: 4000000 | H3: كاش | I3: 4000000 | J3: =IF(G3="","", G3 - IF(I3="",0,I3)) -> 0 | K3: 0 | L3: 0 | O3: 4000000 | P3: =IF(G3="","", G3 - O3) -> 0 | S3: =IF(A3="","", SUMIFS(جدول [2]الأقساط!$E:$E, جدول [2]الأقساط!$B:$B, A3)) -> #NAME? | T3: =IF(A3="","", IF(OR(H3="تقسيط", H3="كاش + تقسيط"), IF(ROUND(ABS(S3-J3),2)>0, "⚠️ جدول الأقساط غير متطابق", "سليم"), "سليم")) -> سليم
C4: =IF(B4="","",IFERROR(VLOOKUP(B4,المشاريع!$A:$B,2,FALSE),"⚠️ المشروع غير موجود")) | J4: =IF(G4="","", G4 - IF(I4="",0,I4)) | O4: =IF(A4="","", SUMIFS(التحصيلات!$E:$E, التحصيلات!$I:$I, A4)) | P4: =IF(G4="","", G4 - O4) | S4: =IF(A4="","", SUMIFS(جدول [2]الأقساط!$E:$E, جدول [2]الأقساط!$B:$B, A4)) | T4: =IF(A4="","", IF(OR(H4="تقسيط", H4="كاش + تقسيط"), IF(ROUND(ABS(S4-J4),2)>0, "⚠️ جدول الأقساط غير متطابق", "سليم"), "سليم"))
C5: =IF(B5="","",IFERROR(VLOOKUP(B5,المشاريع!$A:$B,2,FALSE),"⚠️ المشروع غير موجود")) | J5: =IF(G5="","", G5 - IF(I5="",0,I5)) | O5: =IF(A5="","", SUMIFS(التحصيلات!$E:$E, التحصيلات!$I:$I, A5)) | P5: =IF(G5="","", G5 - O5) | S5: =IF(A5="","", SUMIFS(جدول [2]الأقساط!$E:$E, جدول [2]الأقساط!$B:$B, A5)) | T5: =IF(A5="","", IF(OR(H5="تقسيط", H5="كاش + تقسيط"), IF(ROUND(ABS(S5-J5),2)>0, "⚠️ جدول الأقساط غير متطابق", "سليم"), "سليم"))
C6: =IF(B6="","",IFERROR(VLOOKUP(B6,المشاريع!$A:$B,2,FALSE),"⚠️ المشروع غير موجود")) | J6: =IF(G6="","", G6 - IF(I6="",0,I6)) | O6: =IF(A6="","", SUMIFS(التحصيلات!$E:$E, التحصيلات!$I:$I, A6)) | P6: =IF(G6="","", G6 - O6) | S6: =IF(A6="","", SUMIFS(جدول [2]الأقساط!$E:$E, جدول [2]الأقساط!$B:$B, A6)) | T6: =IF(A6="","", IF(OR(H6="تقسيط", H6="كاش + تقسيط"), IF(ROUND(ABS(S6-J6),2)>0, "⚠️ جدول الأقساط غير متطابق", "سليم"), "سليم"))
C7: =IF(B7="","",IFERROR(VLOOKUP(B7,المشاريع!$A:$B,2,FALSE),"⚠️ المشروع غير موجود")) | J7: =IF(G7="","", G7 - IF(I7="",0,I7)) | O7: =IF(A7="","", SUMIFS(التحصيلات!$E:$E, التحصيلات!$I:$I, A7)) | P7: =IF(G7="","", G7 - O7) | S7: =IF(A7="","", SUMIFS(جدول [2]الأقساط!$E:$E, جدول [2]الأقساط!$B:$B, A7)) | T7: =IF(A7="","", IF(OR(H7="تقسيط", H7="كاش + تقسيط"), IF(ROUND(ABS(S7-J7),2)>0, "⚠️ جدول الأقساط غير متطابق", "سليم"), "سليم"))
C8: =IF(B8="","",IFERROR(VLOOKUP(B8,المشاريع!$A:$B,2,FALSE),"⚠️ المشروع غير موجود")) | J8: =IF(G8="","", G8 - IF(I8="",0,I8)) | O8: =IF(A8="","", SUMIFS(التحصيلات!$E:$E, التحصيلات!$I:$I, A8)) | P8: =IF(G8="","", G8 - O8) | S8: =IF(A8="","", SUMIFS(جدول [2]الأقساط!$E:$E, جدول [2]الأقساط!$B:$B, A8)) | T8: =IF(A8="","", IF(OR(H8="تقسيط", H8="كاش + تقسيط"), IF(ROUND(ABS(S8-J8),2)>0, "⚠️ جدول الأقساط غير متطابق", "سليم"), "سليم"))
C9: =IF(B9="","",IFERROR(VLOOKUP(B9,المشاريع!$A:$B,2,FALSE),"⚠️ المشروع غير موجود")) | J9: =IF(G9="","", G9 - IF(I9="",0,I9)) | O9: =IF(A9="","", SUMIFS(التحصيلات!$E:$E, التحصيلات!$I:$I, A9)) | P9: =IF(G9="","", G9 - O9) | S9: =IF(A9="","", SUMIFS(جدول [2]الأقساط!$E:$E, جدول [2]الأقساط!$B:$B, A9)) | T9: =IF(A9="","", IF(OR(H9="تقسيط", H9="كاش + تقسيط"), IF(ROUND(ABS(S9-J9),2)>0, "⚠️ جدول الأقساط غير متطابق", "سليم"), "سليم"))
C10: =IF(B10="","",IFERROR(VLOOKUP(B10,المشاريع!$A:$B,2,FALSE),"⚠️ المشروع غير موجود")) | J10: =IF(G10="","", G10 - IF(I10="",0,I10)) | O10: =IF(A10="","", SUMIFS(التحصيلات!$E:$E, التحصيلات!$I:$I, A10)) | P10: =IF(G10="","", G10 - O10) | S10: =IF(A10="","", SUMIFS(جدول [2]الأقساط!$E:$E, جدول [2]الأقساط!$B:$B, A10)) | T10: =IF(A10="","", IF(OR(H10="تقسيط", H10="كاش + تقسيط"), IF(ROUND(ABS(S10-J10),2)>0, "⚠️ جدول الأقساط غير متطابق", "سليم"), "سليم"))
C11: =IF(B11="","",IFERROR(VLOOKUP(B11,المشاريع!$A:$B,2,FALSE),"⚠️ المشروع غير موجود")) | J11: =IF(G11="","", G11 - IF(I11="",0,I11)) | O11: =IF(A11="","", SUMIFS(التحصيلات!$E:$E, التحصيلات!$I:$I, A11)) | P11: =IF(G11="","", G11 - O11) | S11: =IF(A11="","", SUMIFS(جدول [2]الأقساط!$E:$E, جدول [2]الأقساط!$B:$B, A11)) | T11: =IF(A11="","", IF(OR(H11="تقسيط", H11="كاش + تقسيط"), IF(ROUND(ABS(S11-J11),2)>0, "⚠️ جدول الأقساط غير متطابق", "سليم"), "سليم"))
C12: =IF(B12="","",IFERROR(VLOOKUP(B12,المشاريع!$A:$B,2,FALSE),"⚠️ المشروع غير موجود")) | J12: =IF(G12="","", G12 - IF(I12="",0,I12)) | O12: =IF(A12="","", SUMIFS(التحصيلات!$E:$E, التحصيلات!$I:$I, A12)) | P12: =IF(G12="","", G12 - O12) | S12: =IF(A12="","", SUMIFS(جدول [2]الأقساط!$E:$E, جدول [2]الأقساط!$B:$B, A12)) | T12: =IF(A12="","", IF(OR(H12="تقسيط", H12="كاش + تقسيط"), IF(ROUND(ABS(S12-J12),2)>0, "⚠️ جدول الأقساط غير متطابق", "سليم"), "سليم"))
C13: =IF(B13="","",IFERROR(VLOOKUP(B13,المشاريع!$A:$B,2,FALSE),"⚠️ المشروع غير موجود")) | J13: =IF(G13="","", G13 - IF(I13="",0,I13)) | O13: =IF(A13="","", SUMIFS(التحصيلات!$E:$E, التحصيلات!$I:$I, A13)) | P13: =IF(G13="","", G13 - O13) | S13: =IF(A13="","", SUMIFS(جدول [2]الأقساط!$E:$E, جدول [2]الأقساط!$B:$B, A13)) | T13: =IF(A13="","", IF(OR(H13="تقسيط", H13="كاش + تقسيط"), IF(ROUND(ABS(S13-J13),2)>0, "⚠️ جدول الأقساط غير متطابق", "سليم"), "سليم"))
C14: =IF(B14="","",IFERROR(VLOOKUP(B14,المشاريع!$A:$B,2,FALSE),"⚠️ المشروع غير موجود")) | J14: =IF(G14="","", G14 - IF(I14="",0,I14)) | O14: =IF(A14="","", SUMIFS(التحصيلات!$E:$E, التحصيلات!$I:$I, A14)) | P14: =IF(G14="","", G14 - O14) | S14: =IF(A14="","", SUMIFS(جدول [2]الأقساط!$E:$E, جدول [2]الأقساط!$B:$B, A14)) | T14: =IF(A14="","", IF(OR(H14="تقسيط", H14="كاش + تقسيط"), IF(ROUND(ABS(S14-J14),2)>0, "⚠️ جدول الأقساط غير متطابق", "سليم"), "سليم"))
C15: =IF(B15="","",IFERROR(VLOOKUP(B15,المشاريع!$A:$B,2,FALSE),"⚠️ المشروع غير موجود")) | J15: =IF(G15="","", G15 - IF(I15="",0,I15)) | O15: =IF(A15="","", SUMIFS(التحصيلات!$E:$E, التحصيلات!$I:$I, A15)) | P15: =IF(G15="","", G15 - O15) | S15: =IF(A15="","", SUMIFS(جدول [2]الأقساط!$E:$E, جدول [2]الأقساط!$B:$B, A15)) | T15: =IF(A15="","", IF(OR(H15="تقسيط", H15="كاش + تقسيط"), IF(ROUND(ABS(S15-J15),2)>0, "⚠️ جدول الأقساط غير متطابق", "سليم"), "سليم"))
... C499: =IF(B499="","",IFERROR(VLOOKUP(B499,المشاريع!$A:$B,2,FALSE),"⚠️ المشروع غير موجود")) | J499: =IF(G499="","", G499 - IF(I499="",0,I499)) | O499: =IF(A499="","", SUMIFS(التحصيلات!$E:$E, التحصيلات!$I:$I, A499)) | P499: =IF(G499="","", G499 - O499) | S499: =IF(A499="","", SUMIFS(جدول [2]الأقساط!$E:$E, جدول [2]الأقساط!$B:$B, A499)) | T499: =IF(A499="","", IF(OR(H499="تقسيط", H499="كاش + تقسيط"), IF(ROUND(ABS(S499-J499),2)>0, "⚠️ جدول الأقساط غير متطابق", "سليم"), "سليم"))

Sheet جدول الأقساط
A2: رقم القسط | B2: رقم عملية البيع | C2: المشروع | D2: تاريخ الاستحقاق | E2: قيمة القسط | F2: المدفوع | G2: المتبقي | H2: حالة القسط | I2: تاريخ السداد الفعلي | J2: ملاحظات
C3: =IF(B3="","",IFERROR(INDEX(المبيعات!$C:$C,MATCH(B3,المبيعات!$A:$A,0)),"")) | F3: =IF(A3="","",SUMIFS(التحصيلات!$E:$E, التحصيلات!$J:$J, A3)) | G3: =IF(A3="","", E3 - F3) | H3: =IF(A3="","",IF(ROUND(G3,2)<=0,"مدفوع",IF(ROUND(F3,2)>0,"مدفوع جزئياً",IF(AND(D3<>"",D3<TODAY()),"متأخر","مستحق"))))
C4: =IF(B4="","",IFERROR(INDEX(المبيعات!$C:$C,MATCH(B4,المبيعات!$A:$A,0)),"")) | F4: =IF(A4="","",SUMIFS(التحصيلات!$E:$E, التحصيلات!$J:$J, A4)) | G4: =IF(A4="","", E4 - F4) | H4: =IF(A4="","",IF(ROUND(G4,2)<=0,"مدفوع",IF(ROUND(F4,2)>0,"مدفوع جزئياً",IF(AND(D4<>"",D4<TODAY()),"متأخر","مستحق"))))
C5: =IF(B5="","",IFERROR(INDEX(المبيعات!$C:$C,MATCH(B5,المبيعات!$A:$A,0)),"")) | F5: =IF(A5="","",SUMIFS(التحصيلات!$E:$E, التحصيلات!$J:$J, A5)) | G5: =IF(A5="","", E5 - F5) | H5: =IF(A5="","",IF(ROUND(G5,2)<=0,"مدفوع",IF(ROUND(F5,2)>0,"مدفوع جزئياً",IF(AND(D5<>"",D5<TODAY()),"متأخر","مستحق"))))
C6: =IF(B6="","",IFERROR(INDEX(المبيعات!$C:$C,MATCH(B6,المبيعات!$A:$A,0)),"")) | F6: =IF(A6="","",SUMIFS(التحصيلات!$E:$E, التحصيلات!$J:$J, A6)) | G6: =IF(A6="","", E6 - F6) | H6: =IF(A6="","",IF(ROUND(G6,2)<=0,"مدفوع",IF(ROUND(F6,2)>0,"مدفوع جزئياً",IF(AND(D6<>"",D6<TODAY()),"متأخر","مستحق"))))
C7: =IF(B7="","",IFERROR(INDEX(المبيعات!$C:$C,MATCH(B7,المبيعات!$A:$A,0)),"")) | F7: =IF(A7="","",SUMIFS(التحصيلات!$E:$E, التحصيلات!$J:$J, A7)) | G7: =IF(A7="","", E7 - F7) | H7: =IF(A7="","",IF(ROUND(G7,2)<=0,"مدفوع",IF(ROUND(F7,2)>0,"مدفوع جزئياً",IF(AND(D7<>"",D7<TODAY()),"متأخر","مستحق"))))
C8: =IF(B8="","",IFERROR(INDEX(المبيعات!$C:$C,MATCH(B8,المبيعات!$A:$A,0)),"")) | F8: =IF(A8="","",SUMIFS(التحصيلات!$E:$E, التحصيلات!$J:$J, A8)) | G8: =IF(A8="","", E8 - F8) | H8: =IF(A8="","",IF(ROUND(G8,2)<=0,"مدفوع",IF(ROUND(F8,2)>0,"مدفوع جزئياً",IF(AND(D8<>"",D8<TODAY()),"متأخر","مستحق"))))
C9: =IF(B9="","",IFERROR(INDEX(المبيعات!$C:$C,MATCH(B9,المبيعات!$A:$A,0)),"")) | F9: =IF(A9="","",SUMIFS(التحصيلات!$E:$E, التحصيلات!$J:$J, A9)) | G9: =IF(A9="","", E9 - F9) | H9: =IF(A9="","",IF(ROUND(G9,2)<=0,"مدفوع",IF(ROUND(F9,2)>0,"مدفوع جزئياً",IF(AND(D9<>"",D9<TODAY()),"متأخر","مستحق"))))
C10: =IF(B10="","",IFERROR(INDEX(المبيعات!$C:$C,MATCH(B10,المبيعات!$A:$A,0)),"")) | F10: =IF(A10="","",SUMIFS(التحصيلات!$E:$E, التحصيلات!$J:$J, A10)) | G10: =IF(A10="","", E10 - F10) | H10: =IF(A10="","",IF(ROUND(G10,2)<=0,"مدفوع",IF(ROUND(F10,2)>0,"مدفوع جزئياً",IF(AND(D10<>"",D10<TODAY()),"متأخر","مستحق"))))
C11: =IF(B11="","",IFERROR(INDEX(المبيعات!$C:$C,MATCH(B11,المبيعات!$A:$A,0)),"")) | F11: =IF(A11="","",SUMIFS(التحصيلات!$E:$E, التحصيلات!$J:$J, A11)) | G11: =IF(A11="","", E11 - F11) | H11: =IF(A11="","",IF(ROUND(G11,2)<=0,"مدفوع",IF(ROUND(F11,2)>0,"مدفوع جزئياً",IF(AND(D11<>"",D11<TODAY()),"متأخر","مستحق"))))
C12: =IF(B12="","",IFERROR(INDEX(المبيعات!$C:$C,MATCH(B12,المبيعات!$A:$A,0)),"")) | F12: =IF(A12="","",SUMIFS(التحصيلات!$E:$E, التحصيلات!$J:$J, A12)) | G12: =IF(A12="","", E12 - F12) | H12: =IF(A12="","",IF(ROUND(G12,2)<=0,"مدفوع",IF(ROUND(F12,2)>0,"مدفوع جزئياً",IF(AND(D12<>"",D12<TODAY()),"متأخر","مستحق"))))
C13: =IF(B13="","",IFERROR(INDEX(المبيعات!$C:$C,MATCH(B13,المبيعات!$A:$A,0)),"")) | F13: =IF(A13="","",SUMIFS(التحصيلات!$E:$E, التحصيلات!$J:$J, A13)) | G13: =IF(A13="","", E13 - F13) | H13: =IF(A13="","",IF(ROUND(G13,2)<=0,"مدفوع",IF(ROUND(F13,2)>0,"مدفوع جزئياً",IF(AND(D13<>"",D13<TODAY()),"متأخر","مستحق"))))
C14: =IF(B14="","",IFERROR(INDEX(المبيعات!$C:$C,MATCH(B14,المبيعات!$A:$A,0)),"")) | F14: =IF(A14="","",SUMIFS(التحصيلات!$E:$E, التحصيلات!$J:$J, A14)) | G14: =IF(A14="","", E14 - F14) | H14: =IF(A14="","",IF(ROUND(G14,2)<=0,"مدفوع",IF(ROUND(F14,2)>0,"مدفوع جزئياً",IF(AND(D14<>"",D14<TODAY()),"متأخر","مستحق"))))
... C499: =IF(B499="","",IFERROR(INDEX(المبيعات!$C:$C,MATCH(B499,المبيعات!$A:$A,0)),"")) | F499: =IF(A499="","",SUMIFS(التحصيلات!$E:$E, التحصيلات!$J:$J, A499)) | G499: =IF(A499="","", E499 - F499) | H499: =IF(A499="","",IF(ROUND(G499,2)<=0,"مدفوع",IF(ROUND(F499,2)>0,"مدفوع جزئياً",IF(AND(D499<>"",D499<TODAY()),"متأخر","مستحق"))))

Sheet تقرير مراحل المشروع
A2: المشروع | B2: المرحلة / الجزء المباع | C2: قيمة البيع | D2: إجمالي المدفوع | E2: المتبقي | F2: الحالة
A3: =المبيعات!C3 -> شقة الاكاديمية | B3: =المبيعات!D3 -> بالكامل | C3: =المبيعات!G3 -> 4000000 | D3: =المبيعات!O3 -> 4000000 | E3: =المبيعات!P3 -> 0 | F3: =المبيعات!Q3 -> 0

Sheet التحصيلات
A2: رقم العملية | B2: التاريخ | C2: المشروع | D2: رقم الدفعة | E2: المبلغ | F2: نوع التحصيل | G2: البيان | H2: ملاحظات | I2: رقم عملية البيع | J2: القسط المرتبط | K2: طريقة الدفع | L2: تنبيه التحصيل
A3: COL-0001 | B3: 45992 | C3: 8842 | D3: 1 | E3: 2000000 | F3: دفعة أولى | L3: =IF(AND(J3<>"", E3<>""), IF(E3 > IFERROR(INDEX(جدول [2]الأقساط!$E:$E,MATCH(J3,جدول [2]الأقساط!$A:$A,0)), E3), "⚠️ تحصيل أكبر من قيمة القسط", "سليم"), "سليم") -> سليم
A4: COL-0002 | B4: 46059 | C4: 8842 | D4: 2 | E4: 2500000 | F4: دفعة ثانية | L4: =IF(AND(J4<>"", E4<>""), IF(E4 > IFERROR(INDEX(جدول [2]الأقساط!$E:$E,MATCH(J4,جدول [2]الأقساط!$A:$A,0)), E4), "⚠️ تحصيل أكبر من قيمة القسط", "سليم"), "سليم") -> سليم
A5: COL-0003 | B5: 46117 | C5: 8842 | D5: 3 | E5: 1500000 | F5: دفعة إضافية | L5: =IF(AND(J5<>"", E5<>""), IF(E5 > IFERROR(INDEX(جدول [2]الأقساط!$E:$E,MATCH(J5,جدول [2]الأقساط!$A:$A,0)), E5), "⚠️ تحصيل أكبر من قيمة القسط", "سليم"), "سليم") -> سليم
A6: COL-0004 | B6: 46233 | C6: 8842 | D6: 4 | E6: 2569000 | F6: دفعة إضافية | L6: =IF(AND(J6<>"", E6<>""), IF(E6 > IFERROR(INDEX(جدول [2]الأقساط!$E:$E,MATCH(J6,جدول [2]الأقساط!$A:$A,0)), E6), "⚠️ تحصيل أكبر من قيمة القسط", "سليم"), "سليم") -> سليم
A7: COL-0005 | C7: شقة الاكاديمية | D7: 1 | E7: 4000000 | F7: تحصيل نهائي | L7: =IF(AND(J7<>"", E7<>""), IF(E7 > IFERROR(INDEX(جدول [2]الأقساط!$E:$E,MATCH(J7,جدول [2]الأقساط!$A:$A,0)), E7), "⚠️ تحصيل أكبر من قيمة القسط", "سليم"), "سليم") -> سليم
A8: COL-0006 | C8: =IF(I8="","",IFERROR(INDEX(المبيعات!$C:$C,MATCH(I8,المبيعات!$A:$A,0)),"")) | L8: =IF(AND(J8<>"", E8<>""), IF(E8 > IFERROR(INDEX(جدول [2]الأقساط!$E:$E,MATCH(J8,جدول [2]الأقساط!$A:$A,0)), E8), "⚠️ تحصيل أكبر من قيمة القسط", "سليم"), "سليم") -> سليم
A9: COL-0007 | C9: =IF(I9="","",IFERROR(INDEX(المبيعات!$C:$C,MATCH(I9,المبيعات!$A:$A,0)),"")) | L9: =IF(AND(J9<>"", E9<>""), IF(E9 > IFERROR(INDEX(جدول [2]الأقساط!$E:$E,MATCH(J9,جدول [2]الأقساط!$A:$A,0)), E9), "⚠️ تحصيل أكبر من قيمة القسط", "سليم"), "سليم") -> سليم
A10: COL-0008 | C10: =IF(I10="","",IFERROR(INDEX(المبيعات!$C:$C,MATCH(I10,المبيعات!$A:$A,0)),"")) | L10: =IF(AND(J10<>"", E10<>""), IF(E10 > IFERROR(INDEX(جدول [2]الأقساط!$E:$E,MATCH(J10,جدول [2]الأقساط!$A:$A,0)), E10), "⚠️ تحصيل أكبر من قيمة القسط", "سليم"), "سليم") -> سليم
A11: COL-0009 | C11: =IF(I11="","",IFERROR(INDEX(المبيعات!$C:$C,MATCH(I11,المبيعات!$A:$A,0)),"")) | L11: =IF(AND(J11<>"", E11<>""), IF(E11 > IFERROR(INDEX(جدول [2]الأقساط!$E:$E,MATCH(J11,جدول [2]الأقساط!$A:$A,0)), E11), "⚠️ تحصيل أكبر من قيمة القسط", "سليم"), "سليم") -> سليم
C12: =IF(I12="","",IFERROR(INDEX(المبيعات!$C:$C,MATCH(I12,المبيعات!$A:$A,0)),"")) | F12: كاش | L12: =IF(AND(J12<>"", E12<>""), IF(E12 > IFERROR(INDEX(جدول [2]الأقساط!$E:$E,MATCH(J12,جدول [2]الأقساط!$A:$A,0)), E12), "⚠️ تحصيل أكبر من قيمة القسط", "سليم"), "سليم") -> سليم
C13: =IF(I13="","",IFERROR(INDEX(المبيعات!$C:$C,MATCH(I13,المبيعات!$A:$A,0)),"")) | F13: قسط | L13: =IF(AND(J13<>"", E13<>""), IF(E13 > IFERROR(INDEX(جدول [2]الأقساط!$E:$E,MATCH(J13,جدول [2]الأقساط!$A:$A,0)), E13), "⚠️ تحصيل أكبر من قيمة القسط", "سليم"), "سليم") -> سليم
C14: =IF(I14="","",IFERROR(INDEX(المبيعات!$C:$C,MATCH(I14,المبيعات!$A:$A,0)),"")) | L14: =IF(AND(J14<>"", E14<>""), IF(E14 > IFERROR(INDEX(جدول [2]الأقساط!$E:$E,MATCH(J14,جدول [2]الأقساط!$A:$A,0)), E14), "⚠️ تحصيل أكبر من قيمة القسط", "سليم"), "سليم") -> سليم
C15: =IF(I15="","",IFERROR(INDEX(المبيعات!$C:$C,MATCH(I15,المبيعات!$A:$A,0)),"")) | L15: =IF(AND(J15<>"", E15<>""), IF(E15 > IFERROR(INDEX(جدول [2]الأقساط!$E:$E,MATCH(J15,جدول [2]الأقساط!$A:$A,0)), E15), "⚠️ تحصيل أكبر من قيمة القسط", "سليم"), "سليم") -> سليم
C16: =IF(I16="","",IFERROR(INDEX(المبيعات!$C:$C,MATCH(I16,المبيعات!$A:$A,0)),"")) | L16: =IF(AND(J16<>"", E16<>""), IF(E16 > IFERROR(INDEX(جدول [2]الأقساط!$E:$E,MATCH(J16,جدول [2]الأقساط!$A:$A,0)), E16), "⚠️ تحصيل أكبر من قيمة القسط", "سليم"), "سليم") -> سليم
C17: =IF(I17="","",IFERROR(INDEX(المبيعات!$C:$C,MATCH(I17,المبيعات!$A:$A,0)),"")) | L17: =IF(AND(J17<>"", E17<>""), IF(E17 > IFERROR(INDEX(جدول [2]الأقساط!$E:$E,MATCH(J17,جدول [2]الأقساط!$A:$A,0)), E17), "⚠️ تحصيل أكبر من قيمة القسط", "سليم"), "سليم") -> سليم
C18: =IF(I18="","",IFERROR(INDEX(المبيعات!$C:$C,MATCH(I18,المبيعات!$A:$A,0)),"")) | L18: =IF(AND(J18<>"", E18<>""), IF(E18 > IFERROR(INDEX(جدول [2]الأقساط!$E:$E,MATCH(J18,جدول [2]الأقساط!$A:$A,0)), E18), "⚠️ تحصيل أكبر من قيمة القسط", "سليم"), "سليم") -> سليم
C19: =IF(I19="","",IFERROR(INDEX(المبيعات!$C:$C,MATCH(I19,المبيعات!$A:$A,0)),"")) | L19: =IF(AND(J19<>"", E19<>""), IF(E19 > IFERROR(INDEX(جدول [2]الأقساط!$E:$E,MATCH(J19,جدول [2]الأقساط!$A:$A,0)), E19), "⚠️ تحصيل أكبر من قيمة القسط", "سليم"), "سليم") -> سليم
C20: =IF(I20="","",IFERROR(INDEX(المبيعات!$C:$C,MATCH(I20,المبيعات!$A:$A,0)),"")) | L20: =IF(AND(J20<>"", E20<>""), IF(E20 > IFERROR(INDEX(جدول [2]الأقساط!$E:$E,MATCH(J20,جدول [2]الأقساط!$A:$A,0)), E20), "⚠️ تحصيل أكبر من قيمة القسط", "سليم"), "سليم") -> سليم
C21: =IF(I21="","",IFERROR(INDEX(المبيعات!$C:$C,MATCH(I21,المبيعات!$A:$A,0)),"")) | L21: =IF(AND(J21<>"", E21<>""), IF(E21 > IFERROR(INDEX(جدول [2]الأقساط!$E:$E,MATCH(J21,جدول [2]الأقساط!$A:$A,0)), E21), "⚠️ تحصيل أكبر من قيمة القسط", "سليم"), "سليم") -> سليم
C22: =IF(I22="","",IFERROR(INDEX(المبيعات!$C:$C,MATCH(I22,المبيعات!$A:$A,0)),"")) | L22: =IF(AND(J22<>"", E22<>""), IF(E22 > IFERROR(INDEX(جدول [2]الأقساط!$E:$E,MATCH(J22,جدول [2]الأقساط!$A:$A,0)), E22), "⚠️ تحصيل أكبر من قيمة القسط", "سليم"), "سليم") -> سليم
C23: =IF(I23="","",IFERROR(INDEX(المبيعات!$C:$C,MATCH(I23,المبيعات!$A:$A,0)),"")) | L23: =IF(AND(J23<>"", E23<>""), IF(E23 > IFERROR(INDEX(جدول [2]الأقساط!$E:$E,MATCH(J23,جدول [2]الأقساط!$A:$A,0)), E23), "⚠️ تحصيل أكبر من قيمة القسط", "سليم"), "سليم") -> سليم
C24: =IF(I24="","",IFERROR(INDEX(المبيعات!$C:$C,MATCH(I24,المبيعات!$A:$A,0)),"")) | L24: =IF(AND(J24<>"", E24<>""), IF(E24 > IFERROR(INDEX(جدول [2]الأقساط!$E:$E,MATCH(J24,جدول [2]الأقساط!$A:$A,0)), E24), "⚠️ تحصيل أكبر من قيمة القسط", "سليم"), "سليم") -> سليم
C25: =IF(I25="","",IFERROR(INDEX(المبيعات!$C:$C,MATCH(I25,المبيعات!$A:$A,0)),"")) | L25: =IF(AND(J25<>"", E25<>""), IF(E25 > IFERROR(INDEX(جدول [2]الأقساط!$E:$E,MATCH(J25,جدول [2]الأقساط!$A:$A,0)), E25), "⚠️ تحصيل أكبر من قيمة القسط", "سليم"), "سليم") -> سليم
... C499: =IF(I499="","",IFERROR(INDEX(المبيعات!$C:$C,MATCH(I499,المبيعات!$A:$A,0)),"")) | L499: =IF(AND(J499<>"", E499<>""), IF(E499 > IFERROR(INDEX(جدول [2]الأقساط!$E:$E,MATCH(J499,جدول [2]الأقساط!$A:$A,0)), E499), "⚠️ تحصيل أكبر من قيمة القسط", "سليم"), "سليم") -> سليم

Sheet المصروفات
A2: التاريخ | B2: المشروع | C2: نوع المصروف | D2: البيان | E2: المبلغ | F2: ملاحظات
A3: 46188 | B3: خلف قطعة بلال | C3: مصاريف تشغيل | D3: عمولة | E3: 92000
A4: 46223 | B4: شقة الاكاديمية | C4: مصاريف تشغيل | D4: عموله | E4: 80000
A5: 46200 | B5: خلف قطعة بلال | C5: مصاريف تشغيل | D5: عموله | E5: 58000
B6: شقة الاكاديمية | C6: ضرائب | E6: 100000

Sheet مراجعة البيانات
A1: البند (المشروع) | B1: رأس المال الأصلي | C1: رأس المال بعد النقل | D1: الفرق | E1: حالة المطابقة

Sheet التوزيعات والتسويات
A2: رقم العملية | B2: التاريخ | C2: نوع العملية | D2: المشروع المصدر | E2: المشروع المستفيد (للتحويل) | F2: المساهم | G2: المبلغ | H2: من حساب | I2: إلى حساب | J2: البيان | K2: ملاحظات
A3: DST-0001 | B3: 45658 | C3: مسحوب للمساهم | D3: 8842 | F3: وليد مصطفى | G3: 500000 | J3: مسحوبات شخصيه
A4: DST-0002 | B4: 45993 | C4: مسحوب للمساهم | D4: 8842 | F4: ابو سامح | G4: 350000
A5: DST-0003 | B5: 46059 | C5: مسحوب للمساهم | D5: 8842 | F5: ابو سامح | G5: 430000
A6: DST-0004 | B6: 46127 | C6: مسحوب للمساهم | D6: 8842 | F6: ابو سامح | G6: 260000
A7: DST-0005 | B7: 46235 | C7: مسحوب للمساهم | D7: 8842 | F7: ابو سامح | G7: 445000
A8: DST-0006 | B8: 46023
A9: DST-0007
A10: DST-0008
A11: DST-0009
A12: DST-0010
A13: DST-0011
A14: DST-0012
A15: DST-0013

Sheet كشف حساب المساهم
B2: كشف حساب المساهم عبر المشاريع
C5: اختر اسم المساهم: | D5: الحاج خلف الارض
B7: إجمالي رأس المال | C7: =SUMIFS(Tbl_Contributions[رأس مال المساهم], Tbl_Contributions[اسم المساهم], D5) -> 1788316.7 | D7: نصيب الإدارة | E7: =SUMIFS(Tbl_Contributions[نصيب الإدارة], Tbl_Contributions[اسم المساهم], D5) -> 27251.628 | F7: صافي الأرباح | G7: =SUMIFS(Tbl_Contributions[صافي ربح المساهم], Tbl_Contributions[اسم المساهم], D5) -> -1320662.1
B8: إجمالي المستحق | C8: =SUMIFS(Tbl_Contributions[إجمالي المستحق للمساهم], Tbl_Contributions[اسم المساهم], D5) -> 1149830.5 | D8: إجمالي المسحوبات والتوزيعات | E8: =SUMIFS(Tbl_Contributions[المسحوبات (تتضمن رد رأس المال والأرباح)], Tbl_Contributions[اسم المساهم], D5) -> 0 | F8: الرصيد المتبقي النهائي | G8: =C8-E8 -> 1149830.5
B11: اسم المشروع | C11: رأس المال | D11: نسبة المساهمة | E11: نسبة الإدارة | F11: الربح قبل الإدارة | G11: نصيب الإدارة | H11: صافي الربح | I11: إجمالي المستحق | J11: إجمالي المسحوبات | K11: المتبقي
B12: =IFERROR(INDEX(Tbl_Projects[اسم المشروع], 1), "") -> 8842 | C12: =IF($B12="","",SUMIFS(Tbl_Contributions[رأس مال المساهم], Tbl_Contributions[اسم المشروع], $B12, Tbl_Contributions[اسم المساهم], $D$5)) -> 795000 | D12: =IF($C12=0,"",$C12/SUMIFS(Tbl_Contributions[رأس مال المساهم], Tbl_Contributions[اسم المشروع], $B12)) -> 0.053 | E12: =IF($C12=0,"",SUMIFS(Tbl_Contributions[نسبة الإدارة الخاصة به], Tbl_Contributions[اسم المشروع], $B12, Tbl_Contributions[اسم المساهم], $D$5)) -> 0.2 | F12: =IF($C12=0,"",SUMIFS(Tbl_Contributions[حصة الربح قبل الإدارة], Tbl_Contributions[اسم المشروع], $B12, Tbl_Contributions[اسم المساهم], $D$5)) -> -340843 | G12: =IF($C12=0,"",SUMIFS(Tbl_Contributions[نصيب الإدارة], Tbl_Contributions[اسم المشروع], $B12, Tbl_Contributions[اسم المساهم], $D$5)) -> 0 | H12: =IF($C12=0,"",SUMIFS(Tbl_Contributions[صافي ربح المساهم], Tbl_Contributions[اسم المشروع], $B12, Tbl_Contributions[اسم المساهم], $D$5)) -> -340843 | I12: =IF($C12=0,"",SUMIFS(Tbl_Contributions[إجمالي المستحق للمساهم], Tbl_Contributions[اسم المشروع], $B12, Tbl_Contributions[اسم المساهم], $D$5)) -> 454157 | J12: =IF($C12=0,"",SUMIFS(Tbl_Contributions[المسحوبات (تتضمن رد رأس المال والأرباح)], Tbl_Contributions[اسم المشروع], $B12, Tbl_Contributions[اسم المساهم], $D$5)) -> 0 | K12: =IF($C12=0,"",$I12-$J12) -> 454157
B13: =IFERROR(INDEX(Tbl_Projects[اسم المشروع], 2), "") -> مصر للتامين | C13: =IF($B13="","",SUMIFS(Tbl_Contributions[رأس مال المساهم], Tbl_Contributions[اسم المشروع], $B13, Tbl_Contributions[اسم المساهم], $D$5)) -> 80650 | D13: =IF($C13=0,"",$C13/SUMIFS(Tbl_Contributions[رأس مال المساهم], Tbl_Contributions[اسم المشروع], $B13)) -> 0.0062038462 | E13: =IF($C13=0,"",SUMIFS(Tbl_Contributions[نسبة الإدارة الخاصة به], Tbl_Contributions[اسم المشروع], $B13, Tbl_Contributions[اسم المساهم], $D$5)) -> 0.2 | F13: =IF($C13=0,"",SUMIFS(Tbl_Contributions[حصة الربح قبل الإدارة], Tbl_Contributions[اسم المشروع], $B13, Tbl_Contributions[اسم المساهم], $D$5)) -> -80650 | G13: =IF($C13=0,"",SUMIFS(Tbl_Contributions[نصيب الإدارة], Tbl_Contributions[اسم المشروع], $B13, Tbl_Contributions[اسم المساهم], $D$5)) -> 0 | H13: =IF($C13=0,"",SUMIFS(Tbl_Contributions[صافي ربح المساهم], Tbl_Contributions[اسم المشروع], $B13, Tbl_Contributions[اسم المساهم], $D$5)) -> -80650 | I13: =IF($C13=0,"",SUMIFS(Tbl_Contributions[إجمالي المستحق للمساهم], Tbl_Contributions[اسم المشروع], $B13, Tbl_Contributions[اسم المساهم], $D$5)) -> 0 | J13: =IF($C13=0,"",SUMIFS(Tbl_Contributions[المسحوبات (تتضمن رد رأس المال والأرباح)], Tbl_Contributions[اسم المشروع], $B13, Tbl_Contributions[اسم المساهم], $D$5)) -> 0 | K13: =IF($C13=0,"",$I13-$J13) -> 0
B14: =IFERROR(INDEX(Tbl_Projects[اسم المشروع], 3), "") -> خلف قطعة بلال قطعه 12 | C14: =IF($B14="","",SUMIFS(Tbl_Contributions[رأس مال المساهم], Tbl_Contributions[اسم المشروع], $B14, Tbl_Contributions[اسم المساهم], $D$5)) -> 912666.67 | D14: =IF($C14=0,"",$C14/SUMIFS(Tbl_Contributions[رأس مال المساهم], Tbl_Contributions[اسم المشروع], $B14)) -> 0.18253333 | E14: =IF($C14=0,"",SUMIFS(Tbl_Contributions[نسبة الإدارة الخاصة به], Tbl_Contributions[اسم المشروع], $B14, Tbl_Contributions[اسم المساهم], $D$5)) -> 0.2 | F14: =IF($C14=0,"",SUMIFS(Tbl_Contributions[حصة الربح قبل الإدارة], Tbl_Contributions[اسم المشروع], $B14, Tbl_Contributions[اسم المساهم], $D$5)) -> -912666.67 | G14: =IF($C14=0,"",SUMIFS(Tbl_Contributions[نصيب الإدارة], Tbl_Contributions[اسم المشروع], $B14, Tbl_Contributions[اسم المساهم], $D$5)) -> 0 | H14: =IF($C14=0,"",SUMIFS(Tbl_Contributions[صافي ربح المساهم], Tbl_Contributions[اسم المشروع], $B14, Tbl_Contributions[اسم المساهم], $D$5)) -> -912666.67 | I14: =IF($C14=0,"",SUMIFS(Tbl_Contributions[إجمالي المستحق للمساهم], Tbl_Contributions[اسم المشروع], $B14, Tbl_Contributions[اسم المساهم], $D$5)) -> 0 | J14: =IF($C14=0,"",SUMIFS(Tbl_Contributions[المسحوبات (تتضمن رد رأس المال والأرباح)], Tbl_Contributions[اسم المشروع], $B14, Tbl_Contributions[اسم المساهم], $D$5)) -> 0 | K14: =IF($C14=0,"",$I14-$J14) -> 0
B15: =IFERROR(INDEX(Tbl_Projects[اسم المشروع], 4), "") -> شقة الاكاديمية | C15: =IF($B15="","",SUMIFS(Tbl_Contributions[رأس مال المساهم], Tbl_Contributions[اسم المشروع], $B15, Tbl_Contributions[اسم المساهم], $D$5)) -> 586667 | D15: =IF($C15=0,"",$C15/SUMIFS(Tbl_Contributions[رأس مال المساهم], Tbl_Contributions[اسم المشروع], $B15)) -> 0.18924742 | E15: =IF($C15=0,"",SUMIFS(Tbl_Contributions[نسبة الإدارة الخاصة به], Tbl_Contributions[اسم المشروع], $B15, Tbl_Contributions[اسم المساهم], $D$5)) -> 0.2 | F15: =IF($C15=0,"",SUMIFS(Tbl_Contributions[حصة الربح قبل الإدارة], Tbl_Contributions[اسم المشروع], $B15, Tbl_Contributions[اسم المساهم], $D$5)) -> 136258.14 | G15: =IF($C15=0,"",SUMIFS(Tbl_Contributions[نصيب الإدارة], Tbl_Contributions[اسم المشروع], $B15, Tbl_Contributions[اسم المساهم], $D$5)) -> 27251.628 | H15: =IF($C15=0,"",SUMIFS(Tbl_Contributions[صافي ربح المساهم], Tbl_Contributions[اسم المشروع], $B15, Tbl_Contributions[اسم المساهم], $D$5)) -> 109006.51 | I15: =IF($C15=0,"",SUMIFS(Tbl_Contributions[إجمالي المستحق للمساهم], Tbl_Contributions[اسم المشروع], $B15, Tbl_Contributions[اسم المساهم], $D$5)) -> 695673.51 | J15: =IF($C15=0,"",SUMIFS(Tbl_Contributions[المسحوبات (تتضمن رد رأس المال والأرباح)], Tbl_Contributions[اسم المشروع], $B15, Tbl_Contributions[اسم المساهم], $D$5)) -> 0 | K15: =IF($C15=0,"",$I15-$J15) -> 695673.51
B16: =IFERROR(INDEX(Tbl_Projects[اسم المشروع], 5), "") -> شارع ابو شقره | C16: =IF($B16="","",SUMIFS(Tbl_Contributions[رأس مال المساهم], Tbl_Contributions[اسم المشروع], $B16, Tbl_Contributions[اسم المساهم], $D$5)) -> 95508.943 | D16: =IF($C16=0,"",$C16/SUMIFS(Tbl_Contributions[رأس مال المساهم], Tbl_Contributions[اسم المشروع], $B16)) -> 0.017365262 | E16: =IF($C16=0,"",SUMIFS(Tbl_Contributions[نسبة الإدارة الخاصة به], Tbl_Contributions[اسم المشروع], $B16, Tbl_Contributions[اسم المساهم], $D$5)) -> 0.2 | F16: =IF($C16=0,"",SUMIFS(Tbl_Contributions[حصة الربح قبل الإدارة], Tbl_Contributions[اسم المشروع], $B16, Tbl_Contributions[اسم المساهم], $D$5)) -> -95508.943 | G16: =IF($C16=0,"",SUMIFS(Tbl_Contributions[نصيب الإدارة], Tbl_Contributions[اسم المشروع], $B16, Tbl_Contributions[اسم المساهم], $D$5)) -> 0 | H16: =IF($C16=0,"",SUMIFS(Tbl_Contributions[صافي ربح المساهم], Tbl_Contributions[اسم المشروع], $B16, Tbl_Contributions[اسم المساهم], $D$5)) -> -95508.943 | I16: =IF($C16=0,"",SUMIFS(Tbl_Contributions[إجمالي المستحق للمساهم], Tbl_Contributions[اسم المشروع], $B16, Tbl_Contributions[اسم المساهم], $D$5)) -> 0 | J16: =IF($C16=0,"",SUMIFS(Tbl_Contributions[المسحوبات (تتضمن رد رأس المال والأرباح)], Tbl_Contributions[اسم المشروع], $B16, Tbl_Contributions[اسم المساهم], $D$5)) -> 0 | K16: =IF($C16=0,"",$I16-$J16) -> 0
B17: =IFERROR(INDEX(Tbl_Projects[اسم المشروع], 6), "") -> 0 | C17: =IF($B17="","",SUMIFS(Tbl_Contributions[رأس مال المساهم], Tbl_Contributions[اسم المشروع], $B17, Tbl_Contributions[اسم المساهم], $D$5)) -> 0 | D17: =IF($C17=0,"",$C17/SUMIFS(Tbl_Contributions[رأس مال المساهم], Tbl_Contributions[اسم المشروع], $B17)) | E17: =IF($C17=0,"",SUMIFS(Tbl_Contributions[نسبة الإدارة الخاصة به], Tbl_Contributions[اسم المشروع], $B17, Tbl_Contributions[اسم المساهم], $D$5)) | F17: =IF($C17=0,"",SUMIFS(Tbl_Contributions[حصة الربح قبل الإدارة], Tbl_Contributions[اسم المشروع], $B17, Tbl_Contributions[اسم المساهم], $D$5)) | G17: =IF($C17=0,"",SUMIFS(Tbl_Contributions[نصيب الإدارة], Tbl_Contributions[اسم المشروع], $B17, Tbl_Contributions[اسم المساهم], $D$5)) | H17: =IF($C17=0,"",SUMIFS(Tbl_Contributions[صافي ربح المساهم], Tbl_Contributions[اسم المشروع], $B17, Tbl_Contributions[اسم المساهم], $D$5)) | I17: =IF($C17=0,"",SUMIFS(Tbl_Contributions[إجمالي المستحق للمساهم], Tbl_Contributions[اسم المشروع], $B17, Tbl_Contributions[اسم المساهم], $D$5)) | J17: =IF($C17=0,"",SUMIFS(Tbl_Contributions[المسحوبات (تتضمن رد رأس المال والأرباح)], Tbl_Contributions[اسم المشروع], $B17, Tbl_Contributions[اسم المساهم], $D$5)) | K17: =IF($C17=0,"",$I17-$J17)
B18: =IFERROR(INDEX(Tbl_Projects[اسم المشروع], 7), "") | C18: =IF($B18="","",SUMIFS(Tbl_Contributions[رأس مال المساهم], Tbl_Contributions[اسم المشروع], $B18, Tbl_Contributions[اسم المساهم], $D$5)) | D18: =IF($C18=0,"",$C18/SUMIFS(Tbl_Contributions[رأس مال المساهم], Tbl_Contributions[اسم المشروع], $B18)) -> #VALUE! | E18: =IF($C18=0,"",SUMIFS(Tbl_Contributions[نسبة الإدارة الخاصة به], Tbl_Contributions[اسم المشروع], $B18, Tbl_Contributions[اسم المساهم], $D$5)) -> 0 | F18: =IF($C18=0,"",SUMIFS(Tbl_Contributions[حصة الربح قبل الإدارة], Tbl_Contributions[اسم المشروع], $B18, Tbl_Contributions[اسم المساهم], $D$5)) -> 0 | G18: =IF($C18=0,"",SUMIFS(Tbl_Contributions[نصيب الإدارة], Tbl_Contributions[اسم المشروع], $B18, Tbl_Contributions[اسم المساهم], $D$5)) -> 0 | H18: =IF($C18=0,"",SUMIFS(Tbl_Contributions[صافي ربح المساهم], Tbl_Contributions[اسم المشروع], $B18, Tbl_Contributions[اسم المساهم], $D$5)) -> 0 | I18: =IF($C18=0,"",SUMIFS(Tbl_Contributions[إجمالي المستحق للمساهم], Tbl_Contributions[اسم المشروع], $B18, Tbl_Contributions[اسم المساهم], $D$5)) -> 0 | J18: =IF($C18=0,"",SUMIFS(Tbl_Contributions[المسحوبات (تتضمن رد رأس المال والأرباح)], Tbl_Contributions[اسم المشروع], $B18, Tbl_Contributions[اسم المساهم], $D$5)) -> 0 | K18: =IF($C18=0,"",$I18-$J18) -> 0
B19: =IFERROR(INDEX(Tbl_Projects[اسم المشروع], 8), "") | C19: =IF($B19="","",SUMIFS(Tbl_Contributions[رأس مال المساهم], Tbl_Contributions[اسم المشروع], $B19, Tbl_Contributions[اسم المساهم], $D$5)) | D19: =IF($C19=0,"",$C19/SUMIFS(Tbl_Contributions[رأس مال المساهم], Tbl_Contributions[اسم المشروع], $B19)) -> #VALUE! | E19: =IF($C19=0,"",SUMIFS(Tbl_Contributions[نسبة الإدارة الخاصة به], Tbl_Contributions[اسم المشروع], $B19, Tbl_Contributions[اسم المساهم], $D$5)) -> 0 | F19: =IF($C19=0,"",SUMIFS(Tbl_Contributions[حصة الربح قبل الإدارة], Tbl_Contributions[اسم المشروع], $B19, Tbl_Contributions[اسم المساهم], $D$5)) -> 0 | G19: =IF($C19=0,"",SUMIFS(Tbl_Contributions[نصيب الإدارة], Tbl_Contributions[اسم المشروع], $B19, Tbl_Contributions[اسم المساهم], $D$5)) -> 0 | H19: =IF($C19=0,"",SUMIFS(Tbl_Contributions[صافي ربح المساهم], Tbl_Contributions[اسم المشروع], $B19, Tbl_Contributions[اسم المساهم], $D$5)) -> 0 | I19: =IF($C19=0,"",SUMIFS(Tbl_Contributions[إجمالي المستحق للمساهم], Tbl_Contributions[اسم المشروع], $B19, Tbl_Contributions[اسم المساهم], $D$5)) -> 0 | J19: =IF($C19=0,"",SUMIFS(Tbl_Contributions[المسحوبات (تتضمن رد رأس المال والأرباح)], Tbl_Contributions[اسم المشروع], $B19, Tbl_Contributions[اسم المساهم], $D$5)) -> 0 | K19: =IF($C19=0,"",$I19-$J19) -> 0
B20: =IFERROR(INDEX(Tbl_Projects[اسم المشروع], 9), "") | C20: =IF($B20="","",SUMIFS(Tbl_Contributions[رأس مال المساهم], Tbl_Contributions[اسم المشروع], $B20, Tbl_Contributions[اسم المساهم], $D$5)) | D20: =IF($C20=0,"",$C20/SUMIFS(Tbl_Contributions[رأس مال المساهم], Tbl_Contributions[اسم المشروع], $B20)) -> #VALUE! | E20: =IF($C20=0,"",SUMIFS(Tbl_Contributions[نسبة الإدارة الخاصة به], Tbl_Contributions[اسم المشروع], $B20, Tbl_Contributions[اسم المساهم], $D$5)) -> 0 | F20: =IF($C20=0,"",SUMIFS(Tbl_Contributions[حصة الربح قبل الإدارة], Tbl_Contributions[اسم المشروع], $B20, Tbl_Contributions[اسم المساهم], $D$5)) -> 0 | G20: =IF($C20=0,"",SUMIFS(Tbl_Contributions[نصيب الإدارة], Tbl_Contributions[اسم المشروع], $B20, Tbl_Contributions[اسم المساهم], $D$5)) -> 0 | H20: =IF($C20=0,"",SUMIFS(Tbl_Contributions[صافي ربح المساهم], Tbl_Contributions[اسم المشروع], $B20, Tbl_Contributions[اسم المساهم], $D$5)) -> 0 | I20: =IF($C20=0,"",SUMIFS(Tbl_Contributions[إجمالي المستحق للمساهم], Tbl_Contributions[اسم المشروع], $B20, Tbl_Contributions[اسم المساهم], $D$5)) -> 0 | J20: =IF($C20=0,"",SUMIFS(Tbl_Contributions[المسحوبات (تتضمن رد رأس المال والأرباح)], Tbl_Contributions[اسم المشروع], $B20, Tbl_Contributions[اسم المساهم], $D$5)) -> 0 | K20: =IF($C20=0,"",$I20-$J20) -> 0
B21: =IFERROR(INDEX(Tbl_Projects[اسم المشروع], 10), "") | C21: =IF($B21="","",SUMIFS(Tbl_Contributions[رأس مال المساهم], Tbl_Contributions[اسم المشروع], $B21, Tbl_Contributions[اسم المساهم], $D$5)) | D21: =IF($C21=0,"",$C21/SUMIFS(Tbl_Contributions[رأس مال المساهم], Tbl_Contributions[اسم المشروع], $B21)) -> #VALUE! | E21: =IF($C21=0,"",SUMIFS(Tbl_Contributions[نسبة الإدارة الخاصة به], Tbl_Contributions[اسم المشروع], $B21, Tbl_Contributions[اسم المساهم], $D$5)) -> 0 | F21: =IF($C21=0,"",SUMIFS(Tbl_Contributions[حصة الربح قبل الإدارة], Tbl_Contributions[اسم المشروع], $B21, Tbl_Contributions[اسم المساهم], $D$5)) -> 0 | G21: =IF($C21=0,"",SUMIFS(Tbl_Contributions[نصيب الإدارة], Tbl_Contributions[اسم المشروع], $B21, Tbl_Contributions[اسم المساهم], $D$5)) -> 0 | H21: =IF($C21=0,"",SUMIFS(Tbl_Contributions[صافي ربح المساهم], Tbl_Contributions[اسم المشروع], $B21, Tbl_Contributions[اسم المساهم], $D$5)) -> 0 | I21: =IF($C21=0,"",SUMIFS(Tbl_Contributions[إجمالي المستحق للمساهم], Tbl_Contributions[اسم المشروع], $B21, Tbl_Contributions[اسم المساهم], $D$5)) -> 0 | J21: =IF($C21=0,"",SUMIFS(Tbl_Contributions[المسحوبات (تتضمن رد رأس المال والأرباح)], Tbl_Contributions[اسم المشروع], $B21, Tbl_Contributions[اسم المساهم], $D$5)) -> 0 | K21: =IF($C21=0,"",$I21-$J21) -> 0
B22: =IFERROR(INDEX(Tbl_Projects[اسم المشروع], 11), "") | C22: =IF($B22="","",SUMIFS(Tbl_Contributions[رأس مال المساهم], Tbl_Contributions[اسم المشروع], $B22, Tbl_Contributions[اسم المساهم], $D$5)) | D22: =IF($C22=0,"",$C22/SUMIFS(Tbl_Contributions[رأس مال المساهم], Tbl_Contributions[اسم المشروع], $B22)) -> #VALUE! | E22: =IF($C22=0,"",SUMIFS(Tbl_Contributions[نسبة الإدارة الخاصة به], Tbl_Contributions[اسم المشروع], $B22, Tbl_Contributions[اسم المساهم], $D$5)) -> 0 | F22: =IF($C22=0,"",SUMIFS(Tbl_Contributions[حصة الربح قبل الإدارة], Tbl_Contributions[اسم المشروع], $B22, Tbl_Contributions[اسم المساهم], $D$5)) -> 0 | G22: =IF($C22=0,"",SUMIFS(Tbl_Contributions[نصيب الإدارة], Tbl_Contributions[اسم المشروع], $B22, Tbl_Contributions[اسم المساهم], $D$5)) -> 0 | H22: =IF($C22=0,"",SUMIFS(Tbl_Contributions[صافي ربح المساهم], Tbl_Contributions[اسم المشروع], $B22, Tbl_Contributions[اسم المساهم], $D$5)) -> 0 | I22: =IF($C22=0,"",SUMIFS(Tbl_Contributions[إجمالي المستحق للمساهم], Tbl_Contributions[اسم المشروع], $B22, Tbl_Contributions[اسم المساهم], $D$5)) -> 0 | J22: =IF($C22=0,"",SUMIFS(Tbl_Contributions[المسحوبات (تتضمن رد رأس المال والأرباح)], Tbl_Contributions[اسم المشروع], $B22, Tbl_Contributions[اسم المساهم], $D$5)) -> 0 | K22: =IF($C22=0,"",$I22-$J22) -> 0
B23: =IFERROR(INDEX(Tbl_Projects[اسم المشروع], 12), "") | C23: =IF($B23="","",SUMIFS(Tbl_Contributions[رأس مال المساهم], Tbl_Contributions[اسم المشروع], $B23, Tbl_Contributions[اسم المساهم], $D$5)) | D23: =IF($C23=0,"",$C23/SUMIFS(Tbl_Contributions[رأس مال المساهم], Tbl_Contributions[اسم المشروع], $B23)) -> #VALUE! | E23: =IF($C23=0,"",SUMIFS(Tbl_Contributions[نسبة الإدارة الخاصة به], Tbl_Contributions[اسم المشروع], $B23, Tbl_Contributions[اسم المساهم], $D$5)) -> 0 | F23: =IF($C23=0,"",SUMIFS(Tbl_Contributions[حصة الربح قبل الإدارة], Tbl_Contributions[اسم المشروع], $B23, Tbl_Contributions[اسم المساهم], $D$5)) -> 0 | G23: =IF($C23=0,"",SUMIFS(Tbl_Contributions[نصيب الإدارة], Tbl_Contributions[اسم المشروع], $B23, Tbl_Contributions[اسم المساهم], $D$5)) -> 0 | H23: =IF($C23=0,"",SUMIFS(Tbl_Contributions[صافي ربح المساهم], Tbl_Contributions[اسم المشروع], $B23, Tbl_Contributions[اسم المساهم], $D$5)) -> 0 | I23: =IF($C23=0,"",SUMIFS(Tbl_Contributions[إجمالي المستحق للمساهم], Tbl_Contributions[اسم المشروع], $B23, Tbl_Contributions[اسم المساهم], $D$5)) -> 0 | J23: =IF($C23=0,"",SUMIFS(Tbl_Contributions[المسحوبات (تتضمن رد رأس المال والأرباح)], Tbl_Contributions[اسم المشروع], $B23, Tbl_Contributions[اسم المساهم], $D$5)) -> 0 | K23: =IF($C23=0,"",$I23-$J23) -> 0
B24: =IFERROR(INDEX(Tbl_Projects[اسم المشروع], 13), "") | C24: =IF($B24="","",SUMIFS(Tbl_Contributions[رأس مال المساهم], Tbl_Contributions[اسم المشروع], $B24, Tbl_Contributions[اسم المساهم], $D$5)) | D24: =IF($C24=0,"",$C24/SUMIFS(Tbl_Contributions[رأس مال المساهم], Tbl_Contributions[اسم المشروع], $B24)) -> #VALUE! | E24: =IF($C24=0,"",SUMIFS(Tbl_Contributions[نسبة الإدارة الخاصة به], Tbl_Contributions[اسم المشروع], $B24, Tbl_Contributions[اسم المساهم], $D$5)) -> 0 | F24: =IF($C24=0,"",SUMIFS(Tbl_Contributions[حصة الربح قبل الإدارة], Tbl_Contributions[اسم المشروع], $B24, Tbl_Contributions[اسم المساهم], $D$5)) -> 0 | G24: =IF($C24=0,"",SUMIFS(Tbl_Contributions[نصيب الإدارة], Tbl_Contributions[اسم المشروع], $B24, Tbl_Contributions[اسم المساهم], $D$5)) -> 0 | H24: =IF($C24=0,"",SUMIFS(Tbl_Contributions[صافي ربح المساهم], Tbl_Contributions[اسم المشروع], $B24, Tbl_Contributions[اسم المساهم], $D$5)) -> 0 | I24: =IF($C24=0,"",SUMIFS(Tbl_Contributions[إجمالي المستحق للمساهم], Tbl_Contributions[اسم المشروع], $B24, Tbl_Contributions[اسم المساهم], $D$5)) -> 0 | J24: =IF($C24=0,"",SUMIFS(Tbl_Contributions[المسحوبات (تتضمن رد رأس المال والأرباح)], Tbl_Contributions[اسم المشروع], $B24, Tbl_Contributions[اسم المساهم], $D$5)) -> 0 | K24: =IF($C24=0,"",$I24-$J24) -> 0
B25: =IFERROR(INDEX(Tbl_Projects[اسم المشروع], 14), "") | C25: =IF($B25="","",SUMIFS(Tbl_Contributions[رأس مال المساهم], Tbl_Contributions[اسم المشروع], $B25, Tbl_Contributions[اسم المساهم], $D$5)) | D25: =IF($C25=0,"",$C25/SUMIFS(Tbl_Contributions[رأس مال المساهم], Tbl_Contributions[اسم المشروع], $B25)) -> #VALUE! | E25: =IF($C25=0,"",SUMIFS(Tbl_Contributions[نسبة الإدارة الخاصة به], Tbl_Contributions[اسم المشروع], $B25, Tbl_Contributions[اسم المساهم], $D$5)) -> 0 | F25: =IF($C25=0,"",SUMIFS(Tbl_Contributions[حصة الربح قبل الإدارة], Tbl_Contributions[اسم المشروع], $B25, Tbl_Contributions[اسم المساهم], $D$5)) -> 0 | G25: =IF($C25=0,"",SUMIFS(Tbl_Contributions[نصيب الإدارة], Tbl_Contributions[اسم المشروع], $B25, Tbl_Contributions[اسم المساهم], $D$5)) -> 0 | H25: =IF($C25=0,"",SUMIFS(Tbl_Contributions[صافي ربح المساهم], Tbl_Contributions[اسم المشروع], $B25, Tbl_Contributions[اسم المساهم], $D$5)) -> 0 | I25: =IF($C25=0,"",SUMIFS(Tbl_Contributions[إجمالي المستحق للمساهم], Tbl_Contributions[اسم المشروع], $B25, Tbl_Contributions[اسم المساهم], $D$5)) -> 0 | J25: =IF($C25=0,"",SUMIFS(Tbl_Contributions[المسحوبات (تتضمن رد رأس المال والأرباح)], Tbl_Contributions[اسم المشروع], $B25, Tbl_Contributions[اسم المساهم], $D$5)) -> 0 | K25: =IF($C25=0,"",$I25-$J25) -> 0
B26: =IFERROR(INDEX(Tbl_Projects[اسم المشروع], 15), "") | C26: =IF($B26="","",SUMIFS(Tbl_Contributions[رأس مال المساهم], Tbl_Contributions[اسم المشروع], $B26, Tbl_Contributions[اسم المساهم], $D$5)) | D26: =IF($C26=0,"",$C26/SUMIFS(Tbl_Contributions[رأس مال المساهم], Tbl_Contributions[اسم المشروع], $B26)) -> #VALUE! | E26: =IF($C26=0,"",SUMIFS(Tbl_Contributions[نسبة الإدارة الخاصة به], Tbl_Contributions[اسم المشروع], $B26, Tbl_Contributions[اسم المساهم], $D$5)) -> 0 | F26: =IF($C26=0,"",SUMIFS(Tbl_Contributions[حصة الربح قبل الإدارة], Tbl_Contributions[اسم المشروع], $B26, Tbl_Contributions[اسم المساهم], $D$5)) -> 0 | G26: =IF($C26=0,"",SUMIFS(Tbl_Contributions[نصيب الإدارة], Tbl_Contributions[اسم المشروع], $B26, Tbl_Contributions[اسم المساهم], $D$5)) -> 0 | H26: =IF($C26=0,"",SUMIFS(Tbl_Contributions[صافي ربح المساهم], Tbl_Contributions[اسم المشروع], $B26, Tbl_Contributions[اسم المساهم], $D$5)) -> 0 | I26: =IF($C26=0,"",SUMIFS(Tbl_Contributions[إجمالي المستحق للمساهم], Tbl_Contributions[اسم المشروع], $B26, Tbl_Contributions[اسم المساهم], $D$5)) -> 0 | J26: =IF($C26=0,"",SUMIFS(Tbl_Contributions[المسحوبات (تتضمن رد رأس المال والأرباح)], Tbl_Contributions[اسم المشروع], $B26, Tbl_Contributions[اسم المساهم], $D$5)) -> 0 | K26: =IF($C26=0,"",$I26-$J26) -> 0
B27: =IFERROR(INDEX(Tbl_Projects[اسم المشروع], 16), "") | C27: =IF($B27="","",SUMIFS(Tbl_Contributions[رأس مال المساهم], Tbl_Contributions[اسم المشروع], $B27, Tbl_Contributions[اسم المساهم], $D$5)) | D27: =IF($C27=0,"",$C27/SUMIFS(Tbl_Contributions[رأس مال المساهم], Tbl_Contributions[اسم المشروع], $B27)) -> #VALUE! | E27: =IF($C27=0,"",SUMIFS(Tbl_Contributions[نسبة الإدارة الخاصة به], Tbl_Contributions[اسم المشروع], $B27, Tbl_Contributions[اسم المساهم], $D$5)) -> 0 | F27: =IF($C27=0,"",SUMIFS(Tbl_Contributions[حصة الربح قبل الإدارة], Tbl_Contributions[اسم المشروع], $B27, Tbl_Contributions[اسم المساهم], $D$5)) -> 0 | G27: =IF($C27=0,"",SUMIFS(Tbl_Contributions[نصيب الإدارة], Tbl_Contributions[اسم المشروع], $B27, Tbl_Contributions[اسم المساهم], $D$5)) -> 0 | H27: =IF($C27=0,"",SUMIFS(Tbl_Contributions[صافي ربح المساهم], Tbl_Contributions[اسم المشروع], $B27, Tbl_Contributions[اسم المساهم], $D$5)) -> 0 | I27: =IF($C27=0,"",SUMIFS(Tbl_Contributions[إجمالي المستحق للمساهم], Tbl_Contributions[اسم المشروع], $B27, Tbl_Contributions[اسم المساهم], $D$5)) -> 0 | J27: =IF($C27=0,"",SUMIFS(Tbl_Contributions[المسحوبات (تتضمن رد رأس المال والأرباح)], Tbl_Contributions[اسم المشروع], $B27, Tbl_Contributions[اسم المساهم], $D$5)) -> 0 | K27: =IF($C27=0,"",$I27-$J27) -> 0
B28: =IFERROR(INDEX(Tbl_Projects[اسم المشروع], 17), "") | C28: =IF($B28="","",SUMIFS(Tbl_Contributions[رأس مال المساهم], Tbl_Contributions[اسم المشروع], $B28, Tbl_Contributions[اسم المساهم], $D$5)) | D28: =IF($C28=0,"",$C28/SUMIFS(Tbl_Contributions[رأس مال المساهم], Tbl_Contributions[اسم المشروع], $B28)) -> #VALUE! | E28: =IF($C28=0,"",SUMIFS(Tbl_Contributions[نسبة الإدارة الخاصة به], Tbl_Contributions[اسم المشروع], $B28, Tbl_Contributions[اسم المساهم], $D$5)) -> 0 | F28: =IF($C28=0,"",SUMIFS(Tbl_Contributions[حصة الربح قبل الإدارة], Tbl_Contributions[اسم المشروع], $B28, Tbl_Contributions[اسم المساهم], $D$5)) -> 0 | G28: =IF($C28=0,"",SUMIFS(Tbl_Contributions[نصيب الإدارة], Tbl_Contributions[اسم المشروع], $B28, Tbl_Contributions[اسم المساهم], $D$5)) -> 0 | H28: =IF($C28=0,"",SUMIFS(Tbl_Contributions[صافي ربح المساهم], Tbl_Contributions[اسم المشروع], $B28, Tbl_Contributions[اسم المساهم], $D$5)) -> 0 | I28: =IF($C28=0,"",SUMIFS(Tbl_Contributions[إجمالي المستحق للمساهم], Tbl_Contributions[اسم المشروع], $B28, Tbl_Contributions[اسم المساهم], $D$5)) -> 0 | J28: =IF($C28=0,"",SUMIFS(Tbl_Contributions[المسحوبات (تتضمن رد رأس المال والأرباح)], Tbl_Contributions[اسم المشروع], $B28, Tbl_Contributions[اسم المساهم], $D$5)) -> 0 | K28: =IF($C28=0,"",$I28-$J28) -> 0
B29: =IFERROR(INDEX(Tbl_Projects[اسم المشروع], 18), "") | C29: =IF($B29="","",SUMIFS(Tbl_Contributions[رأس مال المساهم], Tbl_Contributions[اسم المشروع], $B29, Tbl_Contributions[اسم المساهم], $D$5)) | D29: =IF($C29=0,"",$C29/SUMIFS(Tbl_Contributions[رأس مال المساهم], Tbl_Contributions[اسم المشروع], $B29)) -> #VALUE! | E29: =IF($C29=0,"",SUMIFS(Tbl_Contributions[نسبة الإدارة الخاصة به], Tbl_Contributions[اسم المشروع], $B29, Tbl_Contributions[اسم المساهم], $D$5)) -> 0 | F29: =IF($C29=0,"",SUMIFS(Tbl_Contributions[حصة الربح قبل الإدارة], Tbl_Contributions[اسم المشروع], $B29, Tbl_Contributions[اسم المساهم], $D$5)) -> 0 | G29: =IF($C29=0,"",SUMIFS(Tbl_Contributions[نصيب الإدارة], Tbl_Contributions[اسم المشروع], $B29, Tbl_Contributions[اسم المساهم], $D$5)) -> 0 | H29: =IF($C29=0,"",SUMIFS(Tbl_Contributions[صافي ربح المساهم], Tbl_Contributions[اسم المشروع], $B29, Tbl_Contributions[اسم المساهم], $D$5)) -> 0 | I29: =IF($C29=0,"",SUMIFS(Tbl_Contributions[إجمالي المستحق للمساهم], Tbl_Contributions[اسم المشروع], $B29, Tbl_Contributions[اسم المساهم], $D$5)) -> 0 | J29: =IF($C29=0,"",SUMIFS(Tbl_Contributions[المسحوبات (تتضمن رد رأس المال والأرباح)], Tbl_Contributions[اسم المشروع], $B29, Tbl_Contributions[اسم المساهم], $D$5)) -> 0 | K29: =IF($C29=0,"",$I29-$J29) -> 0
B30: =IFERROR(INDEX(Tbl_Projects[اسم المشروع], 19), "") | C30: =IF($B30="","",SUMIFS(Tbl_Contributions[رأس مال المساهم], Tbl_Contributions[اسم المشروع], $B30, Tbl_Contributions[اسم المساهم], $D$5)) | D30: =IF($C30=0,"",$C30/SUMIFS(Tbl_Contributions[رأس مال المساهم], Tbl_Contributions[اسم المشروع], $B30)) -> #VALUE! | E30: =IF($C30=0,"",SUMIFS(Tbl_Contributions[نسبة الإدارة الخاصة به], Tbl_Contributions[اسم المشروع], $B30, Tbl_Contributions[اسم المساهم], $D$5)) -> 0 | F30: =IF($C30=0,"",SUMIFS(Tbl_Contributions[حصة الربح قبل الإدارة], Tbl_Contributions[اسم المشروع], $B30, Tbl_Contributions[اسم المساهم], $D$5)) -> 0 | G30: =IF($C30=0,"",SUMIFS(Tbl_Contributions[نصيب الإدارة], Tbl_Contributions[اسم المشروع], $B30, Tbl_Contributions[اسم المساهم], $D$5)) -> 0 | H30: =IF($C30=0,"",SUMIFS(Tbl_Contributions[صافي ربح المساهم], Tbl_Contributions[اسم المشروع], $B30, Tbl_Contributions[اسم المساهم], $D$5)) -> 0 | I30: =IF($C30=0,"",SUMIFS(Tbl_Contributions[إجمالي المستحق للمساهم], Tbl_Contributions[اسم المشروع], $B30, Tbl_Contributions[اسم المساهم], $D$5)) -> 0 | J30: =IF($C30=0,"",SUMIFS(Tbl_Contributions[المسحوبات (تتضمن رد رأس المال والأرباح)], Tbl_Contributions[اسم المشروع], $B30, Tbl_Contributions[اسم المساهم], $D$5)) -> 0 | K30: =IF($C30=0,"",$I30-$J30) -> 0
B31: =IFERROR(INDEX(Tbl_Projects[اسم المشروع], 20), "") | C31: =IF($B31="","",SUMIFS(Tbl_Contributions[رأس مال المساهم], Tbl_Contributions[اسم المشروع], $B31, Tbl_Contributions[اسم المساهم], $D$5)) | D31: =IF($C31=0,"",$C31/SUMIFS(Tbl_Contributions[رأس مال المساهم], Tbl_Contributions[اسم المشروع], $B31)) -> #VALUE! | E31: =IF($C31=0,"",SUMIFS(Tbl_Contributions[نسبة الإدارة الخاصة به], Tbl_Contributions[اسم المشروع], $B31, Tbl_Contributions[اسم المساهم], $D$5)) -> 0 | F31: =IF($C31=0,"",SUMIFS(Tbl_Contributions[حصة الربح قبل الإدارة], Tbl_Contributions[اسم المشروع], $B31, Tbl_Contributions[اسم المساهم], $D$5)) -> 0 | G31: =IF($C31=0,"",SUMIFS(Tbl_Contributions[نصيب الإدارة], Tbl_Contributions[اسم المشروع], $B31, Tbl_Contributions[اسم المساهم], $D$5)) -> 0 | H31: =IF($C31=0,"",SUMIFS(Tbl_Contributions[صافي ربح المساهم], Tbl_Contributions[اسم المشروع], $B31, Tbl_Contributions[اسم المساهم], $D$5)) -> 0 | I31: =IF($C31=0,"",SUMIFS(Tbl_Contributions[إجمالي المستحق للمساهم], Tbl_Contributions[اسم المشروع], $B31, Tbl_Contributions[اسم المساهم], $D$5)) -> 0 | J31: =IF($C31=0,"",SUMIFS(Tbl_Contributions[المسحوبات (تتضمن رد رأس المال والأرباح)], Tbl_Contributions[اسم المشروع], $B31, Tbl_Contributions[اسم المساهم], $D$5)) -> 0 | K31: =IF($C31=0,"",$I31-$J31) -> 0
B32: =IFERROR(INDEX(Tbl_Projects[اسم المشروع], 21), "") | C32: =IF($B32="","",SUMIFS(Tbl_Contributions[رأس مال المساهم], Tbl_Contributions[اسم المشروع], $B32, Tbl_Contributions[اسم المساهم], $D$5)) | D32: =IF($C32=0,"",$C32/SUMIFS(Tbl_Contributions[رأس مال المساهم], Tbl_Contributions[اسم المشروع], $B32)) -> #VALUE! | E32: =IF($C32=0,"",SUMIFS(Tbl_Contributions[نسبة الإدارة الخاصة به], Tbl_Contributions[اسم المشروع], $B32, Tbl_Contributions[اسم المساهم], $D$5)) -> 0 | F32: =IF($C32=0,"",SUMIFS(Tbl_Contributions[حصة الربح قبل الإدارة], Tbl_Contributions[اسم المشروع], $B32, Tbl_Contributions[اسم المساهم], $D$5)) -> 0 | G32: =IF($C32=0,"",SUMIFS(Tbl_Contributions[نصيب الإدارة], Tbl_Contributions[اسم المشروع], $B32, Tbl_Contributions[اسم المساهم], $D$5)) -> 0 | H32: =IF($C32=0,"",SUMIFS(Tbl_Contributions[صافي ربح المساهم], Tbl_Contributions[اسم المشروع], $B32, Tbl_Contributions[اسم المساهم], $D$5)) -> 0 | I32: =IF($C32=0,"",SUMIFS(Tbl_Contributions[إجمالي المستحق للمساهم], Tbl_Contributions[اسم المشروع], $B32, Tbl_Contributions[اسم المساهم], $D$5)) -> 0 | J32: =IF($C32=0,"",SUMIFS(Tbl_Contributions[المسحوبات (تتضمن رد رأس المال والأرباح)], Tbl_Contributions[اسم المشروع], $B32, Tbl_Contributions[اسم المساهم], $D$5)) -> 0 | K32: =IF($C32=0,"",$I32-$J32) -> 0
B33: =IFERROR(INDEX(Tbl_Projects[اسم المشروع], 22), "") | C33: =IF($B33="","",SUMIFS(Tbl_Contributions[رأس مال المساهم], Tbl_Contributions[اسم المشروع], $B33, Tbl_Contributions[اسم المساهم], $D$5)) | D33: =IF($C33=0,"",$C33/SUMIFS(Tbl_Contributions[رأس مال المساهم], Tbl_Contributions[اسم المشروع], $B33)) -> #VALUE! | E33: =IF($C33=0,"",SUMIFS(Tbl_Contributions[نسبة الإدارة الخاصة به], Tbl_Contributions[اسم المشروع], $B33, Tbl_Contributions[اسم المساهم], $D$5)) -> 0 | F33: =IF($C33=0,"",SUMIFS(Tbl_Contributions[حصة الربح قبل الإدارة], Tbl_Contributions[اسم المشروع], $B33, Tbl_Contributions[اسم المساهم], $D$5)) -> 0 | G33: =IF($C33=0,"",SUMIFS(Tbl_Contributions[نصيب الإدارة], Tbl_Contributions[اسم المشروع], $B33, Tbl_Contributions[اسم المساهم], $D$5)) -> 0 | H33: =IF($C33=0,"",SUMIFS(Tbl_Contributions[صافي ربح المساهم], Tbl_Contributions[اسم المشروع], $B33, Tbl_Contributions[اسم المساهم], $D$5)) -> 0 | I33: =IF($C33=0,"",SUMIFS(Tbl_Contributions[إجمالي المستحق للمساهم], Tbl_Contributions[اسم المشروع], $B33, Tbl_Contributions[اسم المساهم], $D$5)) -> 0 | J33: =IF($C33=0,"",SUMIFS(Tbl_Contributions[المسحوبات (تتضمن رد رأس المال والأرباح)], Tbl_Contributions[اسم المشروع], $B33, Tbl_Contributions[اسم المساهم], $D$5)) -> 0 | K33: =IF($C33=0,"",$I33-$J33) -> 0
B34: =IFERROR(INDEX(Tbl_Projects[اسم المشروع], 23), "") | C34: =IF($B34="","",SUMIFS(Tbl_Contributions[رأس مال المساهم], Tbl_Contributions[اسم المشروع], $B34, Tbl_Contributions[اسم المساهم], $D$5)) | D34: =IF($C34=0,"",$C34/SUMIFS(Tbl_Contributions[رأس مال المساهم], Tbl_Contributions[اسم المشروع], $B34)) -> #VALUE! | E34: =IF($C34=0,"",SUMIFS(Tbl_Contributions[نسبة الإدارة الخاصة به], Tbl_Contributions[اسم المشروع], $B34, Tbl_Contributions[اسم المساهم], $D$5)) -> 0 | F34: =IF($C34=0,"",SUMIFS(Tbl_Contributions[حصة الربح قبل الإدارة], Tbl_Contributions[اسم المشروع], $B34, Tbl_Contributions[اسم المساهم], $D$5)) -> 0 | G34: =IF($C34=0,"",SUMIFS(Tbl_Contributions[نصيب الإدارة], Tbl_Contributions[اسم المشروع], $B34, Tbl_Contributions[اسم المساهم], $D$5)) -> 0 | H34: =IF($C34=0,"",SUMIFS(Tbl_Contributions[صافي ربح المساهم], Tbl_Contributions[اسم المشروع], $B34, Tbl_Contributions[اسم المساهم], $D$5)) -> 0 | I34: =IF($C34=0,"",SUMIFS(Tbl_Contributions[إجمالي المستحق للمساهم], Tbl_Contributions[اسم المشروع], $B34, Tbl_Contributions[اسم المساهم], $D$5)) -> 0 | J34: =IF($C34=0,"",SUMIFS(Tbl_Contributions[المسحوبات (تتضمن رد رأس المال والأرباح)], Tbl_Contributions[اسم المشروع], $B34, Tbl_Contributions[اسم المساهم], $D$5)) -> 0 | K34: =IF($C34=0,"",$I34-$J34) -> 0
B35: =IFERROR(INDEX(Tbl_Projects[اسم المشروع], 24), "") | C35: =IF($B35="","",SUMIFS(Tbl_Contributions[رأس مال المساهم], Tbl_Contributions[اسم المشروع], $B35, Tbl_Contributions[اسم المساهم], $D$5)) | D35: =IF($C35=0,"",$C35/SUMIFS(Tbl_Contributions[رأس مال المساهم], Tbl_Contributions[اسم المشروع], $B35)) -> #VALUE! | E35: =IF($C35=0,"",SUMIFS(Tbl_Contributions[نسبة الإدارة الخاصة به], Tbl_Contributions[اسم المشروع], $B35, Tbl_Contributions[اسم المساهم], $D$5)) -> 0 | F35: =IF($C35=0,"",SUMIFS(Tbl_Contributions[حصة الربح قبل الإدارة], Tbl_Contributions[اسم المشروع], $B35, Tbl_Contributions[اسم المساهم], $D$5)) -> 0 | G35: =IF($C35=0,"",SUMIFS(Tbl_Contributions[نصيب الإدارة], Tbl_Contributions[اسم المشروع], $B35, Tbl_Contributions[اسم المساهم], $D$5)) -> 0 | H35: =IF($C35=0,"",SUMIFS(Tbl_Contributions[صافي ربح المساهم], Tbl_Contributions[اسم المشروع], $B35, Tbl_Contributions[اسم المساهم], $D$5)) -> 0 | I35: =IF($C35=0,"",SUMIFS(Tbl_Contributions[إجمالي المستحق للمساهم], Tbl_Contributions[اسم المشروع], $B35, Tbl_Contributions[اسم المساهم], $D$5)) -> 0 | J35: =IF($C35=0,"",SUMIFS(Tbl_Contributions[المسحوبات (تتضمن رد رأس المال والأرباح)], Tbl_Contributions[اسم المشروع], $B35, Tbl_Contributions[اسم المساهم], $D$5)) -> 0 | K35: =IF($C35=0,"",$I35-$J35) -> 0
B36: =IFERROR(INDEX(Tbl_Projects[اسم المشروع], 25), "") | C36: =IF($B36="","",SUMIFS(Tbl_Contributions[رأس مال المساهم], Tbl_Contributions[اسم المشروع], $B36, Tbl_Contributions[اسم المساهم], $D$5)) | D36: =IF($C36=0,"",$C36/SUMIFS(Tbl_Contributions[رأس مال المساهم], Tbl_Contributions[اسم المشروع], $B36)) -> #VALUE! | E36: =IF($C36=0,"",SUMIFS(Tbl_Contributions[نسبة الإدارة الخاصة به], Tbl_Contributions[اسم المشروع], $B36, Tbl_Contributions[اسم المساهم], $D$5)) -> 0 | F36: =IF($C36=0,"",SUMIFS(Tbl_Contributions[حصة الربح قبل الإدارة], Tbl_Contributions[اسم المشروع], $B36, Tbl_Contributions[اسم المساهم], $D$5)) -> 0 | G36: =IF($C36=0,"",SUMIFS(Tbl_Contributions[نصيب الإدارة], Tbl_Contributions[اسم المشروع], $B36, Tbl_Contributions[اسم المساهم], $D$5)) -> 0 | H36: =IF($C36=0,"",SUMIFS(Tbl_Contributions[صافي ربح المساهم], Tbl_Contributions[اسم المشروع], $B36, Tbl_Contributions[اسم المساهم], $D$5)) -> 0 | I36: =IF($C36=0,"",SUMIFS(Tbl_Contributions[إجمالي المستحق للمساهم], Tbl_Contributions[اسم المشروع], $B36, Tbl_Contributions[اسم المساهم], $D$5)) -> 0 | J36: =IF($C36=0,"",SUMIFS(Tbl_Contributions[المسحوبات (تتضمن رد رأس المال والأرباح)], Tbl_Contributions[اسم المشروع], $B36, Tbl_Contributions[اسم المساهم], $D$5)) -> 0 | K36: =IF($C36=0,"",$I36-$J36) -> 0
B37: =IFERROR(INDEX(Tbl_Projects[اسم المشروع], 26), "") | C37: =IF($B37="","",SUMIFS(Tbl_Contributions[رأس مال المساهم], Tbl_Contributions[اسم المشروع], $B37, Tbl_Contributions[اسم المساهم], $D$5)) | D37: =IF($C37=0,"",$C37/SUMIFS(Tbl_Contributions[رأس مال المساهم], Tbl_Contributions[اسم المشروع], $B37)) -> #VALUE! | E37: =IF($C37=0,"",SUMIFS(Tbl_Contributions[نسبة الإدارة الخاصة به], Tbl_Contributions[اسم المشروع], $B37, Tbl_Contributions[اسم المساهم], $D$5)) -> 0 | F37: =IF($C37=0,"",SUMIFS(Tbl_Contributions[حصة الربح قبل الإدارة], Tbl_Contributions[اسم المشروع], $B37, Tbl_Contributions[اسم المساهم], $D$5)) -> 0 | G37: =IF($C37=0,"",SUMIFS(Tbl_Contributions[نصيب الإدارة], Tbl_Contributions[اسم المشروع], $B37, Tbl_Contributions[اسم المساهم], $D$5)) -> 0 | H37: =IF($C37=0,"",SUMIFS(Tbl_Contributions[صافي ربح المساهم], Tbl_Contributions[اسم المشروع], $B37, Tbl_Contributions[اسم المساهم], $D$5)) -> 0 | I37: =IF($C37=0,"",SUMIFS(Tbl_Contributions[إجمالي المستحق للمساهم], Tbl_Contributions[اسم المشروع], $B37, Tbl_Contributions[اسم المساهم], $D$5)) -> 0 | J37: =IF($C37=0,"",SUMIFS(Tbl_Contributions[المسحوبات (تتضمن رد رأس المال والأرباح)], Tbl_Contributions[اسم المشروع], $B37, Tbl_Contributions[اسم المساهم], $D$5)) -> 0 | K37: =IF($C37=0,"",$I37-$J37) -> 0
B38: =IFERROR(INDEX(Tbl_Projects[اسم المشروع], 27), "") | C38: =IF($B38="","",SUMIFS(Tbl_Contributions[رأس مال المساهم], Tbl_Contributions[اسم المشروع], $B38, Tbl_Contributions[اسم المساهم], $D$5)) | D38: =IF($C38=0,"",$C38/SUMIFS(Tbl_Contributions[رأس مال المساهم], Tbl_Contributions[اسم المشروع], $B38)) -> #VALUE! | E38: =IF($C38=0,"",SUMIFS(Tbl_Contributions[نسبة الإدارة الخاصة به], Tbl_Contributions[اسم المشروع], $B38, Tbl_Contributions[اسم المساهم], $D$5)) -> 0 | F38: =IF($C38=0,"",SUMIFS(Tbl_Contributions[حصة الربح قبل الإدارة], Tbl_Contributions[اسم المشروع], $B38, Tbl_Contributions[اسم المساهم], $D$5)) -> 0 | G38: =IF($C38=0,"",SUMIFS(Tbl_Contributions[نصيب الإدارة], Tbl_Contributions[اسم المشروع], $B38, Tbl_Contributions[اسم المساهم], $D$5)) -> 0 | H38: =IF($C38=0,"",SUMIFS(Tbl_Contributions[صافي ربح المساهم], Tbl_Contributions[اسم المشروع], $B38, Tbl_Contributions[اسم المساهم], $D$5)) -> 0 | I38: =IF($C38=0,"",SUMIFS(Tbl_Contributions[إجمالي المستحق للمساهم], Tbl_Contributions[اسم المشروع], $B38, Tbl_Contributions[اسم المساهم], $D$5)) -> 0 | J38: =IF($C38=0,"",SUMIFS(Tbl_Contributions[المسحوبات (تتضمن رد رأس المال والأرباح)], Tbl_Contributions[اسم المشروع], $B38, Tbl_Contributions[اسم المساهم], $D$5)) -> 0 | K38: =IF($C38=0,"",$I38-$J38) -> 0
B39: =IFERROR(INDEX(Tbl_Projects[اسم المشروع], 28), "") | C39: =IF($B39="","",SUMIFS(Tbl_Contributions[رأس مال المساهم], Tbl_Contributions[اسم المشروع], $B39, Tbl_Contributions[اسم المساهم], $D$5)) | D39: =IF($C39=0,"",$C39/SUMIFS(Tbl_Contributions[رأس مال المساهم], Tbl_Contributions[اسم المشروع], $B39)) -> #VALUE! | E39: =IF($C39=0,"",SUMIFS(Tbl_Contributions[نسبة الإدارة الخاصة به], Tbl_Contributions[اسم المشروع], $B39, Tbl_Contributions[اسم المساهم], $D$5)) -> 0 | F39: =IF($C39=0,"",SUMIFS(Tbl_Contributions[حصة الربح قبل الإدارة], Tbl_Contributions[اسم المشروع], $B39, Tbl_Contributions[اسم المساهم], $D$5)) -> 0 | G39: =IF($C39=0,"",SUMIFS(Tbl_Contributions[نصيب الإدارة], Tbl_Contributions[اسم المشروع], $B39, Tbl_Contributions[اسم المساهم], $D$5)) -> 0 | H39: =IF($C39=0,"",SUMIFS(Tbl_Contributions[صافي ربح المساهم], Tbl_Contributions[اسم المشروع], $B39, Tbl_Contributions[اسم المساهم], $D$5)) -> 0 | I39: =IF($C39=0,"",SUMIFS(Tbl_Contributions[إجمالي المستحق للمساهم], Tbl_Contributions[اسم المشروع], $B39, Tbl_Contributions[اسم المساهم], $D$5)) -> 0 | J39: =IF($C39=0,"",SUMIFS(Tbl_Contributions[المسحوبات (تتضمن رد رأس المال والأرباح)], Tbl_Contributions[اسم المشروع], $B39, Tbl_Contributions[اسم المساهم], $D$5)) -> 0 | K39: =IF($C39=0,"",$I39-$J39) -> 0
B40: =IFERROR(INDEX(Tbl_Projects[اسم المشروع], 29), "") | C40: =IF($B40="","",SUMIFS(Tbl_Contributions[رأس مال المساهم], Tbl_Contributions[اسم المشروع], $B40, Tbl_Contributions[اسم المساهم], $D$5)) | D40: =IF($C40=0,"",$C40/SUMIFS(Tbl_Contributions[رأس مال المساهم], Tbl_Contributions[اسم المشروع], $B40)) -> #VALUE! | E40: =IF($C40=0,"",SUMIFS(Tbl_Contributions[نسبة الإدارة الخاصة به], Tbl_Contributions[اسم المشروع], $B40, Tbl_Contributions[اسم المساهم], $D$5)) -> 0 | F40: =IF($C40=0,"",SUMIFS(Tbl_Contributions[حصة الربح قبل الإدارة], Tbl_Contributions[اسم المشروع], $B40, Tbl_Contributions[اسم المساهم], $D$5)) -> 0 | G40: =IF($C40=0,"",SUMIFS(Tbl_Contributions[نصيب الإدارة], Tbl_Contributions[اسم المشروع], $B40, Tbl_Contributions[اسم المساهم], $D$5)) -> 0 | H40: =IF($C40=0,"",SUMIFS(Tbl_Contributions[صافي ربح المساهم], Tbl_Contributions[اسم المشروع], $B40, Tbl_Contributions[اسم المساهم], $D$5)) -> 0 | I40: =IF($C40=0,"",SUMIFS(Tbl_Contributions[إجمالي المستحق للمساهم], Tbl_Contributions[اسم المشروع], $B40, Tbl_Contributions[اسم المساهم], $D$5)) -> 0 | J40: =IF($C40=0,"",SUMIFS(Tbl_Contributions[المسحوبات (تتضمن رد رأس المال والأرباح)], Tbl_Contributions[اسم المشروع], $B40, Tbl_Contributions[اسم المساهم], $D$5)) -> 0 | K40: =IF($C40=0,"",$I40-$J40) -> 0
B41: =IFERROR(INDEX(Tbl_Projects[اسم المشروع], 30), "") | C41: =IF($B41="","",SUMIFS(Tbl_Contributions[رأس مال المساهم], Tbl_Contributions[اسم المشروع], $B41, Tbl_Contributions[اسم المساهم], $D$5)) | D41: =IF($C41=0,"",$C41/SUMIFS(Tbl_Contributions[رأس مال المساهم], Tbl_Contributions[اسم المشروع], $B41)) -> #VALUE! | E41: =IF($C41=0,"",SUMIFS(Tbl_Contributions[نسبة الإدارة الخاصة به], Tbl_Contributions[اسم المشروع], $B41, Tbl_Contributions[اسم المساهم], $D$5)) -> 0 | F41: =IF($C41=0,"",SUMIFS(Tbl_Contributions[حصة الربح قبل الإدارة], Tbl_Contributions[اسم المشروع], $B41, Tbl_Contributions[اسم المساهم], $D$5)) -> 0 | G41: =IF($C41=0,"",SUMIFS(Tbl_Contributions[نصيب الإدارة], Tbl_Contributions[اسم المشروع], $B41, Tbl_Contributions[اسم المساهم], $D$5)) -> 0 | H41: =IF($C41=0,"",SUMIFS(Tbl_Contributions[صافي ربح المساهم], Tbl_Contributions[اسم المشروع], $B41, Tbl_Contributions[اسم المساهم], $D$5)) -> 0 | I41: =IF($C41=0,"",SUMIFS(Tbl_Contributions[إجمالي المستحق للمساهم], Tbl_Contributions[اسم المشروع], $B41, Tbl_Contributions[اسم المساهم], $D$5)) -> 0 | J41: =IF($C41=0,"",SUMIFS(Tbl_Contributions[المسحوبات (تتضمن رد رأس المال والأرباح)], Tbl_Contributions[اسم المشروع], $B41, Tbl_Contributions[اسم المساهم], $D$5)) -> 0 | K41: =IF($C41=0,"",$I41-$J41) -> 0

Sheet كشف حساب المشروع
B2: كشف حساب المشروع وحقوق المساهمين
C5: اختر المشروع: | D5: 8842
C8: إجمالي رأس المال | D8: =IFERROR(INDEX(Tbl_Projects[إجمالي رأس المال], MATCH($D$5, Tbl_Projects[اسم المشروع], 0)), 0) -> 15000000 | E8: التحصيلات الفعلية | F8: =IFERROR(INDEX(Tbl_Projects[إجمالي التحصيل الفعلي], MATCH($D$5, Tbl_Projects[اسم المشروع], 0)), 0) -> 8569000 | G8: المصروفات | H8: =IFERROR(INDEX(Tbl_Projects[إجمالي المصروفات], MATCH($D$5, Tbl_Projects[اسم المشروع], 0)), 0) -> 0 | I8: صافي الربح | J8: =IFERROR(INDEX(Tbl_Projects[صافي الربح], MATCH($D$5, Tbl_Projects[اسم المشروع], 0)), 0) -> -6431000
C9: تحويلات واردة | D9: =IFERROR(INDEX(Tbl_Projects[التحويلات الواردة], MATCH($D$5, Tbl_Projects[اسم المشروع], 0)), 0) -> 0 | E9: تحويلات صادرة | F9: =IFERROR(INDEX(Tbl_Projects[التحويلات الصادرة], MATCH($D$5, Tbl_Projects[اسم المشروع], 0)), 0) -> 0 | G9: السيولة المتبقية (خزينة) | H9: =IFERROR(INDEX(Tbl_Projects[السيولة المتبقية بالمشروع], MATCH($D$5, Tbl_Projects[اسم المشروع], 0)), 0) -> 0
B10: حسابات المساهمين في هذا المشروع:
B11: اسم المساهم | C11: رأس المال | D11: نسبة المساهمة | E11: نسبة الإدارة | F11: الربح قبل الإدارة | G11: نصيب الإدارة | H11: صافي الربح | I11: إجمالي المستحق | J11: إجمالي المسحوبات | K11: المتبقي
B12: =IFERROR(INDEX(Tbl_Investors[اسم المساهم], 1), "") -> ابو سامح | C12: =IF($B12="","",SUMIFS(Tbl_Contributions[رأس مال المساهم], Tbl_Contributions[اسم المشروع], $D$5, Tbl_Contributions[اسم المساهم], $B12)) -> 2600000 | D12: =IF($C12=0,"",$C12/SUMIFS(Tbl_Contributions[رأس مال المساهم], Tbl_Contributions[اسم المشروع], $D$5)) -> 0.17333333 | E12: =IF($C12=0,"",SUMIFS(Tbl_Contributions[نسبة الإدارة الخاصة به], Tbl_Contributions[اسم المشروع], $D$5, Tbl_Contributions[اسم المساهم], $B12)) -> 0.2 | F12: =IF($C12=0,"",SUMIFS(Tbl_Contributions[حصة الربح قبل الإدارة], Tbl_Contributions[اسم المشروع], $D$5, Tbl_Contributions[اسم المساهم], $B12)) -> -1114706.7 | G12: =IF($C12=0,"",SUMIFS(Tbl_Contributions[نصيب الإدارة], Tbl_Contributions[اسم المشروع], $D$5, Tbl_Contributions[اسم المساهم], $B12)) -> 0 | H12: =IF($C12=0,"",SUMIFS(Tbl_Contributions[صافي ربح المساهم], Tbl_Contributions[اسم المشروع], $D$5, Tbl_Contributions[اسم المساهم], $B12)) -> -1114706.7 | I12: =IF($C12=0,"",SUMIFS(Tbl_Contributions[إجمالي المستحق للمساهم], Tbl_Contributions[اسم المشروع], $D$5, Tbl_Contributions[اسم المساهم], $B12)) -> 1485293.3 | J12: =IF($C12=0,"",SUMIFS(Tbl_Contributions[المسحوبات (تتضمن رد رأس المال والأرباح)], Tbl_Contributions[اسم المشروع], $D$5, Tbl_Contributions[اسم المساهم], $B12)) -> 1485000 | K12: =IF($C12=0,"",$I12-$J12) -> 293.33333
B13: =IFERROR(INDEX(Tbl_Investors[اسم المساهم], 2), "") -> وليد مصطفى | C13: =IF($B13="","",SUMIFS(Tbl_Contributions[رأس مال المساهم], Tbl_Contributions[اسم المشروع], $D$5, Tbl_Contributions[اسم المساهم], $B13)) -> 1000000 | D13: =IF($C13=0,"",$C13/SUMIFS(Tbl_Contributions[رأس مال المساهم], Tbl_Contributions[اسم المشروع], $D$5)) -> 0.066666667 | E13: =IF($C13=0,"",SUMIFS(Tbl_Contributions[نسبة الإدارة الخاصة به], Tbl_Contributions[اسم المشروع], $D$5, Tbl_Contributions[اسم المساهم], $B13)) -> 0.2 | F13: =IF($C13=0,"",SUMIFS(Tbl_Contributions[حصة الربح قبل الإدارة], Tbl_Contributions[اسم المشروع], $D$5, Tbl_Contributions[اسم المساهم], $B13)) -> -428733.33 | G13: =IF($C13=0,"",SUMIFS(Tbl_Contributions[نصيب الإدارة], Tbl_Contributions[اسم المشروع], $D$5, Tbl_Contributions[اسم المساهم], $B13)) -> 0 | H13: =IF($C13=0,"",SUMIFS(Tbl_Contributions[صافي ربح المساهم], Tbl_Contributions[اسم المشروع], $D$5, Tbl_Contributions[اسم المساهم], $B13)) -> -428733.33 | I13: =IF($C13=0,"",SUMIFS(Tbl_Contributions[إجمالي المستحق للمساهم], Tbl_Contributions[اسم المشروع], $D$5, Tbl_Contributions[اسم المساهم], $B13)) -> 571266.67 | J13: =IF($C13=0,"",SUMIFS(Tbl_Contributions[المسحوبات (تتضمن رد رأس المال والأرباح)], Tbl_Contributions[اسم المشروع], $D$5, Tbl_Contributions[اسم المساهم], $B13)) -> 500000 | K13: =IF($C13=0,"",$I13-$J13) -> 71266.667
B14: =IFERROR(INDEX(Tbl_Investors[اسم المساهم], 3), "") -> مايز محمد | C14: =IF($B14="","",SUMIFS(Tbl_Contributions[رأس مال المساهم], Tbl_Contributions[اسم المشروع], $D$5, Tbl_Contributions[اسم المساهم], $B14)) -> 2000000 | D14: =IF($C14=0,"",$C14/SUMIFS(Tbl_Contributions[رأس مال المساهم], Tbl_Contributions[اسم المشروع], $D$5)) -> 0.13333333 | E14: =IF($C14=0,"",SUMIFS(Tbl_Contributions[نسبة الإدارة الخاصة به], Tbl_Contributions[اسم المشروع], $D$5, Tbl_Contributions[اسم المساهم], $B14)) -> 0.2 | F14: =IF($C14=0,"",SUMIFS(Tbl_Contributions[حصة الربح قبل الإدارة], Tbl_Contributions[اسم المشروع], $D$5, Tbl_Contributions[اسم المساهم], $B14)) -> -857466.67 | G14: =IF($C14=0,"",SUMIFS(Tbl_Contributions[نصيب الإدارة], Tbl_Contributions[اسم المشروع], $D$5, Tbl_Contributions[اسم المساهم], $B14)) -> 0 | H14: =IF($C14=0,"",SUMIFS(Tbl_Contributions[صافي ربح المساهم], Tbl_Contributions[اسم المشروع], $D$5, Tbl_Contributions[اسم المساهم], $B14)) -> -857466.67 | I14: =IF($C14=0,"",SUMIFS(Tbl_Contributions[إجمالي المستحق للمساهم], Tbl_Contributions[اسم المشروع], $D$5, Tbl_Contributions[اسم المساهم], $B14)) -> 1142533.3 | J14: =IF($C14=0,"",SUMIFS(Tbl_Contributions[المسحوبات (تتضمن رد رأس المال والأرباح)], Tbl_Contributions[اسم المشروع], $D$5, Tbl_Contributions[اسم المساهم], $B14)) -> 0 | K14: =IF($C14=0,"",$I14-$J14) -> 1142533.3
B15: =IFERROR(INDEX(Tbl_Investors[اسم المساهم], 4), "") -> زكريا على | C15: =IF($B15="","",SUMIFS(Tbl_Contributions[رأس مال المساهم], Tbl_Contributions[اسم المشروع], $D$5, Tbl_Contributions[اسم المساهم], $B15)) -> 4500000 | D15: =IF($C15=0,"",$C15/SUMIFS(Tbl_Contributions[رأس مال المساهم], Tbl_Contributions[اسم المشروع], $D$5)) -> 0.3 | E15: =IF($C15=0,"",SUMIFS(Tbl_Contributions[نسبة الإدارة الخاصة به], Tbl_Contributions[اسم المشروع], $D$5, Tbl_Contributions[اسم المساهم], $B15)) -> 0.2 | F15: =IF($C15=0,"",SUMIFS(Tbl_Contributions[حصة الربح قبل الإدارة], Tbl_Contributions[اسم المشروع], $D$5, Tbl_Contributions[اسم المساهم], $B15)) -> -1929300 | G15: =IF($C15=0,"",SUMIFS(Tbl_Contributions[نصيب الإدارة], Tbl_Contributions[اسم المشروع], $D$5, Tbl_Contributions[اسم المساهم], $B15)) -> 0 | H15: =IF($C15=0,"",SUMIFS(Tbl_Contributions[صافي ربح المساهم], Tbl_Contributions[اسم المشروع], $D$5, Tbl_Contributions[اسم المساهم], $B15)) -> -1929300 | I15: =IF($C15=0,"",SUMIFS(Tbl_Contributions[إجمالي المستحق للمساهم], Tbl_Contributions[اسم المشروع], $D$5, Tbl_Contributions[اسم المساهم], $B15)) -> 2570700 | J15: =IF($C15=0,"",SUMIFS(Tbl_Contributions[المسحوبات (تتضمن رد رأس المال والأرباح)], Tbl_Contributions[اسم المشروع], $D$5, Tbl_Contributions[اسم المساهم], $B15)) -> 0 | K15: =IF($C15=0,"",$I15-$J15) -> 2570700
B16: =IFERROR(INDEX(Tbl_Investors[اسم المساهم], 5), "") -> رمضان رجب | C16: =IF($B16="","",SUMIFS(Tbl_Contributions[رأس مال المساهم], Tbl_Contributions[اسم المشروع], $D$5, Tbl_Contributions[اسم المساهم], $B16)) -> 370000 | D16: =IF($C16=0,"",$C16/SUMIFS(Tbl_Contributions[رأس مال المساهم], Tbl_Contributions[اسم المشروع], $D$5)) -> 0.024666667 | E16: =IF($C16=0,"",SUMIFS(Tbl_Contributions[نسبة الإدارة الخاصة به], Tbl_Contributions[اسم المشروع], $D$5, Tbl_Contributions[اسم المساهم], $B16)) -> 0.2 | F16: =IF($C16=0,"",SUMIFS(Tbl_Contributions[حصة الربح قبل الإدارة], Tbl_Contributions[اسم المشروع], $D$5, Tbl_Contributions[اسم المساهم], $B16)) -> -158631.33 | G16: =IF($C16=0,"",SUMIFS(Tbl_Contributions[نصيب الإدارة], Tbl_Contributions[اسم المشروع], $D$5, Tbl_Contributions[اسم المساهم], $B16)) -> 0 | H16: =IF($C16=0,"",SUMIFS(Tbl_Contributions[صافي ربح المساهم], Tbl_Contributions[اسم المشروع], $D$5, Tbl_Contributions[اسم المساهم], $B16)) -> -158631.33 | I16: =IF($C16=0,"",SUMIFS(Tbl_Contributions[إجمالي المستحق للمساهم], Tbl_Contributions[اسم المشروع], $D$5, Tbl_Contributions[اسم المساهم], $B16)) -> 211368.67 | J16: =IF($C16=0,"",SUMIFS(Tbl_Contributions[المسحوبات (تتضمن رد رأس المال والأرباح)], Tbl_Contributions[اسم المشروع], $D$5, Tbl_Contributions[اسم المساهم], $B16)) -> 0 | K16: =IF($C16=0,"",$I16-$J16) -> 211368.67
B17: =IFERROR(INDEX(Tbl_Investors[اسم المساهم], 6), "") -> اشرف ابراهيم | C17: =IF($B17="","",SUMIFS(Tbl_Contributions[رأس مال المساهم], Tbl_Contributions[اسم المشروع], $D$5, Tbl_Contributions[اسم المساهم], $B17)) -> 125000 | D17: =IF($C17=0,"",$C17/SUMIFS(Tbl_Contributions[رأس مال المساهم], Tbl_Contributions[اسم المشروع], $D$5)) -> 0.0083333333 | E17: =IF($C17=0,"",SUMIFS(Tbl_Contributions[نسبة الإدارة الخاصة به], Tbl_Contributions[اسم المشروع], $D$5, Tbl_Contributions[اسم المساهم], $B17)) -> 0.2 | F17: =IF($C17=0,"",SUMIFS(Tbl_Contributions[حصة الربح قبل الإدارة], Tbl_Contributions[اسم المشروع], $D$5, Tbl_Contributions[اسم المساهم], $B17)) -> -53591.667 | G17: =IF($C17=0,"",SUMIFS(Tbl_Contributions[نصيب الإدارة], Tbl_Contributions[اسم المشروع], $D$5, Tbl_Contributions[اسم المساهم], $B17)) -> 0 | H17: =IF($C17=0,"",SUMIFS(Tbl_Contributions[صافي ربح المساهم], Tbl_Contributions[اسم المشروع], $D$5, Tbl_Contributions[اسم المساهم], $B17)) -> -53591.667 | I17: =IF($C17=0,"",SUMIFS(Tbl_Contributions[إجمالي المستحق للمساهم], Tbl_Contributions[اسم المشروع], $D$5, Tbl_Contributions[اسم المساهم], $B17)) -> 71408.333 | J17: =IF($C17=0,"",SUMIFS(Tbl_Contributions[المسحوبات (تتضمن رد رأس المال والأرباح)], Tbl_Contributions[اسم المشروع], $D$5, Tbl_Contributions[اسم المساهم], $B17)) -> 0 | K17: =IF($C17=0,"",$I17-$J17) -> 71408.333
B18: =IFERROR(INDEX(Tbl_Investors[اسم المساهم], 7), "") -> على ممدوح | C18: =IF($B18="","",SUMIFS(Tbl_Contributions[رأس مال المساهم], Tbl_Contributions[اسم المشروع], $D$5, Tbl_Contributions[اسم المساهم], $B18)) -> 840000 | D18: =IF($C18=0,"",$C18/SUMIFS(Tbl_Contributions[رأس مال المساهم], Tbl_Contributions[اسم المشروع], $D$5)) -> 0.056 | E18: =IF($C18=0,"",SUMIFS(Tbl_Contributions[نسبة الإدارة الخاصة به], Tbl_Contributions[اسم المشروع], $D$5, Tbl_Contributions[اسم المساهم], $B18)) -> 0.2 | F18: =IF($C18=0,"",SUMIFS(Tbl_Contributions[حصة الربح قبل الإدارة], Tbl_Contributions[اسم المشروع], $D$5, Tbl_Contributions[اسم المساهم], $B18)) -> -360136 | G18: =IF($C18=0,"",SUMIFS(Tbl_Contributions[نصيب الإدارة], Tbl_Contributions[اسم المشروع], $D$5, Tbl_Contributions[اسم المساهم], $B18)) -> 0 | H18: =IF($C18=0,"",SUMIFS(Tbl_Contributions[صافي ربح المساهم], Tbl_Contributions[اسم المشروع], $D$5, Tbl_Contributions[اسم المساهم], $B18)) -> -360136 | I18: =IF($C18=0,"",SUMIFS(Tbl_Contributions[إجمالي المستحق للمساهم], Tbl_Contributions[اسم المشروع], $D$5, Tbl_Contributions[اسم المساهم], $B18)) -> 479864 | J18: =IF($C18=0,"",SUMIFS(Tbl_Contributions[المسحوبات (تتضمن رد رأس المال والأرباح)], Tbl_Contributions[اسم المشروع], $D$5, Tbl_Contributions[اسم المساهم], $B18)) -> 0 | K18: =IF($C18=0,"",$I18-$J18) -> 479864
B19: =IFERROR(INDEX(Tbl_Investors[اسم المساهم], 8), "") -> عمر صلاح | C19: =IF($B19="","",SUMIFS(Tbl_Contributions[رأس مال المساهم], Tbl_Contributions[اسم المشروع], $D$5, Tbl_Contributions[اسم المساهم], $B19)) -> 325000 | D19: =IF($C19=0,"",$C19/SUMIFS(Tbl_Contributions[رأس مال المساهم], Tbl_Contributions[اسم المشروع], $D$5)) -> 0.021666667 | E19: =IF($C19=0,"",SUMIFS(Tbl_Contributions[نسبة الإدارة الخاصة به], Tbl_Contributions[اسم المشروع], $D$5, Tbl_Contributions[اسم المساهم], $B19)) -> 0.2 | F19: =IF($C19=0,"",SUMIFS(Tbl_Contributions[حصة الربح قبل الإدارة], Tbl_Contributions[اسم المشروع], $D$5, Tbl_Contributions[اسم المساهم], $B19)) -> -139338.33 | G19: =IF($C19=0,"",SUMIFS(Tbl_Contributions[نصيب الإدارة], Tbl_Contributions[اسم المشروع], $D$5, Tbl_Contributions[اسم المساهم], $B19)) -> 0 | H19: =IF($C19=0,"",SUMIFS(Tbl_Contributions[صافي ربح المساهم], Tbl_Contributions[اسم المشروع], $D$5, Tbl_Contributions[اسم المساهم], $B19)) -> -139338.33 | I19: =IF($C19=0,"",SUMIFS(Tbl_Contributions[إجمالي المستحق للمساهم], Tbl_Contributions[اسم المشروع], $D$5, Tbl_Contributions[اسم المساهم], $B19)) -> 185661.67 | J19: =IF($C19=0,"",SUMIFS(Tbl_Contributions[المسحوبات (تتضمن رد رأس المال والأرباح)], Tbl_Contributions[اسم المشروع], $D$5, Tbl_Contributions[اسم المساهم], $B19)) -> 0 | K19: =IF($C19=0,"",$I19-$J19) -> 185661.67
B20: =IFERROR(INDEX(Tbl_Investors[اسم المساهم], 9), "") -> جمعه خلف | C20: =IF($B20="","",SUMIFS(Tbl_Contributions[رأس مال المساهم], Tbl_Contributions[اسم المشروع], $D$5, Tbl_Contributions[اسم المساهم], $B20)) -> 245000 | D20: =IF($C20=0,"",$C20/SUMIFS(Tbl_Contributions[رأس مال المساهم], Tbl_Contributions[اسم المشروع], $D$5)) -> 0.016333333 | E20: =IF($C20=0,"",SUMIFS(Tbl_Contributions[نسبة الإدارة الخاصة به], Tbl_Contributions[اسم المشروع], $D$5, Tbl_Contributions[اسم المساهم], $B20)) -> 0.2 | F20: =IF($C20=0,"",SUMIFS(Tbl_Contributions[حصة الربح قبل الإدارة], Tbl_Contributions[اسم المشروع], $D$5, Tbl_Contributions[اسم المساهم], $B20)) -> -105039.67 | G20: =IF($C20=0,"",SUMIFS(Tbl_Contributions[نصيب الإدارة], Tbl_Contributions[اسم المشروع], $D$5, Tbl_Contributions[اسم المساهم], $B20)) -> 0 | H20: =IF($C20=0,"",SUMIFS(Tbl_Contributions[صافي ربح المساهم], Tbl_Contributions[اسم المشروع], $D$5, Tbl_Contributions[اسم المساهم], $B20)) -> -105039.67 | I20: =IF($C20=0,"",SUMIFS(Tbl_Contributions[إجمالي المستحق للمساهم], Tbl_Contributions[اسم المشروع], $D$5, Tbl_Contributions[اسم المساهم], $B20)) -> 139960.33 | J20: =IF($C20=0,"",SUMIFS(Tbl_Contributions[المسحوبات (تتضمن رد رأس المال والأرباح)], Tbl_Contributions[اسم المشروع], $D$5, Tbl_Contributions[اسم المساهم], $B20)) -> 0 | K20: =IF($C20=0,"",$I20-$J20) -> 139960.33
B21: =IFERROR(INDEX(Tbl_Investors[اسم المساهم], 10), "") -> محمد ناجى | C21: =IF($B21="","",SUMIFS(Tbl_Contributions[رأس مال المساهم], Tbl_Contributions[اسم المشروع], $D$5, Tbl_Contributions[اسم المساهم], $B21)) -> 1000000 | D21: =IF($C21=0,"",$C21/SUMIFS(Tbl_Contributions[رأس مال المساهم], Tbl_Contributions[اسم المشروع], $D$5)) -> 0.066666667 | E21: =IF($C21=0,"",SUMIFS(Tbl_Contributions[نسبة الإدارة الخاصة به], Tbl_Contributions[اسم المشروع], $D$5, Tbl_Contributions[اسم المساهم], $B21)) -> 0.2 | F21: =IF($C21=0,"",SUMIFS(Tbl_Contributions[حصة الربح قبل الإدارة], Tbl_Contributions[اسم المشروع], $D$5, Tbl_Contributions[اسم المساهم], $B21)) -> -428733.33 | G21: =IF($C21=0,"",SUMIFS(Tbl_Contributions[نصيب الإدارة], Tbl_Contributions[اسم المشروع], $D$5, Tbl_Contributions[اسم المساهم], $B21)) -> 0 | H21: =IF($C21=0,"",SUMIFS(Tbl_Contributions[صافي ربح المساهم], Tbl_Contributions[اسم المشروع], $D$5, Tbl_Contributions[اسم المساهم], $B21)) -> -428733.33 | I21: =IF($C21=0,"",SUMIFS(Tbl_Contributions[إجمالي المستحق للمساهم], Tbl_Contributions[اسم المشروع], $D$5, Tbl_Contributions[اسم المساهم], $B21)) -> 571266.67 | J21: =IF($C21=0,"",SUMIFS(Tbl_Contributions[المسحوبات (تتضمن رد رأس المال والأرباح)], Tbl_Contributions[اسم المشروع], $D$5, Tbl_Contributions[اسم المساهم], $B21)) -> 0 | K21: =IF($C21=0,"",$I21-$J21) -> 571266.67
B22: =IFERROR(INDEX(Tbl_Investors[اسم المساهم], 11), "") -> عماد تقى نقى | C22: =IF($B22="","",SUMIFS(Tbl_Contributions[رأس مال المساهم], Tbl_Contributions[اسم المشروع], $D$5, Tbl_Contributions[اسم المساهم], $B22)) -> 450000 | D22: =IF($C22=0,"",$C22/SUMIFS(Tbl_Contributions[رأس مال المساهم], Tbl_Contributions[اسم المشروع], $D$5)) -> 0.03 | E22: =IF($C22=0,"",SUMIFS(Tbl_Contributions[نسبة الإدارة الخاصة به], Tbl_Contributions[اسم المشروع], $D$5, Tbl_Contributions[اسم المساهم], $B22)) -> 0.2 | F22: =IF($C22=0,"",SUMIFS(Tbl_Contributions[حصة الربح قبل الإدارة], Tbl_Contributions[اسم المشروع], $D$5, Tbl_Contributions[اسم المساهم], $B22)) -> -192930 | G22: =IF($C22=0,"",SUMIFS(Tbl_Contributions[نصيب الإدارة], Tbl_Contributions[اسم المشروع], $D$5, Tbl_Contributions[اسم المساهم], $B22)) -> 0 | H22: =IF($C22=0,"",SUMIFS(Tbl_Contributions[صافي ربح المساهم], Tbl_Contributions[اسم المشروع], $D$5, Tbl_Contributions[اسم المساهم], $B22)) -> -192930 | I22: =IF($C22=0,"",SUMIFS(Tbl_Contributions[إجمالي المستحق للمساهم], Tbl_Contributions[اسم المشروع], $D$5, Tbl_Contributions[اسم المساهم], $B22)) -> 257070 | J22: =IF($C22=0,"",SUMIFS(Tbl_Contributions[المسحوبات (تتضمن رد رأس المال والأرباح)], Tbl_Contributions[اسم المشروع], $D$5, Tbl_Contributions[اسم المساهم], $B22)) -> 0 | K22: =IF($C22=0,"",$I22-$J22) -> 257070
B23: =IFERROR(INDEX(Tbl_Investors[اسم المساهم], 12), "") -> امدحت | C23: =IF($B23="","",SUMIFS(Tbl_Contributions[رأس مال المساهم], Tbl_Contributions[اسم المشروع], $D$5, Tbl_Contributions[اسم المساهم], $B23)) -> 750000 | D23: =IF($C23=0,"",$C23/SUMIFS(Tbl_Contributions[رأس مال المساهم], Tbl_Contributions[اسم المشروع], $D$5)) -> 0.05 | E23: =IF($C23=0,"",SUMIFS(Tbl_Contributions[نسبة الإدارة الخاصة به], Tbl_Contributions[اسم المشروع], $D$5, Tbl_Contributions[اسم المساهم], $B23)) -> 0.2 | F23: =IF($C23=0,"",SUMIFS(Tbl_Contributions[حصة الربح قبل الإدارة], Tbl_Contributions[اسم المشروع], $D$5, Tbl_Contributions[اسم المساهم], $B23)) -> -321550 | G23: =IF($C23=0,"",SUMIFS(Tbl_Contributions[نصيب الإدارة], Tbl_Contributions[اسم المشروع], $D$5, Tbl_Contributions[اسم المساهم], $B23)) -> 0 | H23: =IF($C23=0,"",SUMIFS(Tbl_Contributions[صافي ربح المساهم], Tbl_Contributions[اسم المشروع], $D$5, Tbl_Contributions[اسم المساهم], $B23)) -> -321550 | I23: =IF($C23=0,"",SUMIFS(Tbl_Contributions[إجمالي المستحق للمساهم], Tbl_Contributions[اسم المشروع], $D$5, Tbl_Contributions[اسم المساهم], $B23)) -> 428450 | J23: =IF($C23=0,"",SUMIFS(Tbl_Contributions[المسحوبات (تتضمن رد رأس المال والأرباح)], Tbl_Contributions[اسم المشروع], $D$5, Tbl_Contributions[اسم المساهم], $B23)) -> 0 | K23: =IF($C23=0,"",$I23-$J23) -> 428450
B24: =IFERROR(INDEX(Tbl_Investors[اسم المساهم], 13), "") -> الحاج خلف الارض | C24: =IF($B24="","",SUMIFS(Tbl_Contributions[رأس مال المساهم], Tbl_Contributions[اسم المشروع], $D$5, Tbl_Contributions[اسم المساهم], $B24)) -> 795000 | D24: =IF($C24=0,"",$C24/SUMIFS(Tbl_Contributions[رأس مال المساهم], Tbl_Contributions[اسم المشروع], $D$5)) -> 0.053 | E24: =IF($C24=0,"",SUMIFS(Tbl_Contributions[نسبة الإدارة الخاصة به], Tbl_Contributions[اسم المشروع], $D$5, Tbl_Contributions[اسم المساهم], $B24)) -> 0.2 | F24: =IF($C24=0,"",SUMIFS(Tbl_Contributions[حصة الربح قبل الإدارة], Tbl_Contributions[اسم المشروع], $D$5, Tbl_Contributions[اسم المساهم], $B24)) -> -340843 | G24: =IF($C24=0,"",SUMIFS(Tbl_Contributions[نصيب الإدارة], Tbl_Contributions[اسم المشروع], $D$5, Tbl_Contributions[اسم المساهم], $B24)) -> 0 | H24: =IF($C24=0,"",SUMIFS(Tbl_Contributions[صافي ربح المساهم], Tbl_Contributions[اسم المشروع], $D$5, Tbl_Contributions[اسم المساهم], $B24)) -> -340843 | I24: =IF($C24=0,"",SUMIFS(Tbl_Contributions[إجمالي المستحق للمساهم], Tbl_Contributions[اسم المشروع], $D$5, Tbl_Contributions[اسم المساهم], $B24)) -> 454157 | J24: =IF($C24=0,"",SUMIFS(Tbl_Contributions[المسحوبات (تتضمن رد رأس المال والأرباح)], Tbl_Contributions[اسم المشروع], $D$5, Tbl_Contributions[اسم المساهم], $B24)) -> 0 | K24: =IF($C24=0,"",$I24-$J24) -> 454157
B25: =IFERROR(INDEX(Tbl_Investors[اسم المساهم], 14), "") -> على سوهاج | C25: =IF($B25="","",SUMIFS(Tbl_Contributions[رأس مال المساهم], Tbl_Contributions[اسم المشروع], $D$5, Tbl_Contributions[اسم المساهم], $B25)) -> 0 | D25: =IF($C25=0,"",$C25/SUMIFS(Tbl_Contributions[رأس مال المساهم], Tbl_Contributions[اسم المشروع], $D$5)) | E25: =IF($C25=0,"",SUMIFS(Tbl_Contributions[نسبة الإدارة الخاصة به], Tbl_Contributions[اسم المشروع], $D$5, Tbl_Contributions[اسم المساهم], $B25)) | F25: =IF($C25=0,"",SUMIFS(Tbl_Contributions[حصة الربح قبل الإدارة], Tbl_Contributions[اسم المشروع], $D$5, Tbl_Contributions[اسم المساهم], $B25)) | G25: =IF($C25=0,"",SUMIFS(Tbl_Contributions[نصيب الإدارة], Tbl_Contributions[اسم المشروع], $D$5, Tbl_Contributions[اسم المساهم], $B25)) | H25: =IF($C25=0,"",SUMIFS(Tbl_Contributions[صافي ربح المساهم], Tbl_Contributions[اسم المشروع], $D$5, Tbl_Contributions[اسم المساهم], $B25)) | I25: =IF($C25=0,"",SUMIFS(Tbl_Contributions[إجمالي المستحق للمساهم], Tbl_Contributions[اسم المشروع], $D$5, Tbl_Contributions[اسم المساهم], $B25)) | J25: =IF($C25=0,"",SUMIFS(Tbl_Contributions[المسحوبات (تتضمن رد رأس المال والأرباح)], Tbl_Contributions[اسم المشروع], $D$5, Tbl_Contributions[اسم المساهم], $B25)) | K25: =IF($C25=0,"",$I25-$J25)
B26: =IFERROR(INDEX(Tbl_Investors[اسم المساهم], 15), "") -> امجد تكييف | C26: =IF($B26="","",SUMIFS(Tbl_Contributions[رأس مال المساهم], Tbl_Contributions[اسم المشروع], $D$5, Tbl_Contributions[اسم المساهم], $B26)) -> 0 | D26: =IF($C26=0,"",$C26/SUMIFS(Tbl_Contributions[رأس مال المساهم], Tbl_Contributions[اسم المشروع], $D$5)) | E26: =IF($C26=0,"",SUMIFS(Tbl_Contributions[نسبة الإدارة الخاصة به], Tbl_Contributions[اسم المشروع], $D$5, Tbl_Contributions[اسم المساهم], $B26)) | F26: =IF($C26=0,"",SUMIFS(Tbl_Contributions[حصة الربح قبل الإدارة], Tbl_Contributions[اسم المشروع], $D$5, Tbl_Contributions[اسم المساهم], $B26)) | G26: =IF($C26=0,"",SUMIFS(Tbl_Contributions[نصيب الإدارة], Tbl_Contributions[اسم المشروع], $D$5, Tbl_Contributions[اسم المساهم], $B26)) | H26: =IF($C26=0,"",SUMIFS(Tbl_Contributions[صافي ربح المساهم], Tbl_Contributions[اسم المشروع], $D$5, Tbl_Contributions[اسم المساهم], $B26)) | I26: =IF($C26=0,"",SUMIFS(Tbl_Contributions[إجمالي المستحق للمساهم], Tbl_Contributions[اسم المشروع], $D$5, Tbl_Contributions[اسم المساهم], $B26)) | J26: =IF($C26=0,"",SUMIFS(Tbl_Contributions[المسحوبات (تتضمن رد رأس المال والأرباح)], Tbl_Contributions[اسم المشروع], $D$5, Tbl_Contributions[اسم المساهم], $B26)) | K26: =IF($C26=0,"",$I26-$J26)
B27: =IFERROR(INDEX(Tbl_Investors[اسم المساهم], 16), "") -> محمد رجب | C27: =IF($B27="","",SUMIFS(Tbl_Contributions[رأس مال المساهم], Tbl_Contributions[اسم المشروع], $D$5, Tbl_Contributions[اسم المساهم], $B27)) -> 0 | D27: =IF($C27=0,"",$C27/SUMIFS(Tbl_Contributions[رأس مال المساهم], Tbl_Contributions[اسم المشروع], $D$5)) | E27: =IF($C27=0,"",SUMIFS(Tbl_Contributions[نسبة الإدارة الخاصة به], Tbl_Contributions[اسم المشروع], $D$5, Tbl_Contributions[اسم المساهم], $B27)) | F27: =IF($C27=0,"",SUMIFS(Tbl_Contributions[حصة الربح قبل الإدارة], Tbl_Contributions[اسم المشروع], $D$5, Tbl_Contributions[اسم المساهم], $B27)) | G27: =IF($C27=0,"",SUMIFS(Tbl_Contributions[نصيب الإدارة], Tbl_Contributions[اسم المشروع], $D$5, Tbl_Contributions[اسم المساهم], $B27)) | H27: =IF($C27=0,"",SUMIFS(Tbl_Contributions[صافي ربح المساهم], Tbl_Contributions[اسم المشروع], $D$5, Tbl_Contributions[اسم المساهم], $B27)) | I27: =IF($C27=0,"",SUMIFS(Tbl_Contributions[إجمالي المستحق للمساهم], Tbl_Contributions[اسم المشروع], $D$5, Tbl_Contributions[اسم المساهم], $B27)) | J27: =IF($C27=0,"",SUMIFS(Tbl_Contributions[المسحوبات (تتضمن رد رأس المال والأرباح)], Tbl_Contributions[اسم المشروع], $D$5, Tbl_Contributions[اسم المساهم], $B27)) | K27: =IF($C27=0,"",$I27-$J27)
B28: =IFERROR(INDEX(Tbl_Investors[اسم المساهم], 17), "") -> احمد محمد رشدى | C28: =IF($B28="","",SUMIFS(Tbl_Contributions[رأس مال المساهم], Tbl_Contributions[اسم المشروع], $D$5, Tbl_Contributions[اسم المساهم], $B28)) -> 0 | D28: =IF($C28=0,"",$C28/SUMIFS(Tbl_Contributions[رأس مال المساهم], Tbl_Contributions[اسم المشروع], $D$5)) | E28: =IF($C28=0,"",SUMIFS(Tbl_Contributions[نسبة الإدارة الخاصة به], Tbl_Contributions[اسم المشروع], $D$5, Tbl_Contributions[اسم المساهم], $B28)) | F28: =IF($C28=0,"",SUMIFS(Tbl_Contributions[حصة الربح قبل الإدارة], Tbl_Contributions[اسم المشروع], $D$5, Tbl_Contributions[اسم المساهم], $B28)) | G28: =IF($C28=0,"",SUMIFS(Tbl_Contributions[نصيب الإدارة], Tbl_Contributions[اسم المشروع], $D$5, Tbl_Contributions[اسم المساهم], $B28)) | H28: =IF($C28=0,"",SUMIFS(Tbl_Contributions[صافي ربح المساهم], Tbl_Contributions[اسم المشروع], $D$5, Tbl_Contributions[اسم المساهم], $B28)) | I28: =IF($C28=0,"",SUMIFS(Tbl_Contributions[إجمالي المستحق للمساهم], Tbl_Contributions[اسم المشروع], $D$5, Tbl_Contributions[اسم المساهم], $B28)) | J28: =IF($C28=0,"",SUMIFS(Tbl_Contributions[المسحوبات (تتضمن رد رأس المال والأرباح)], Tbl_Contributions[اسم المشروع], $D$5, Tbl_Contributions[اسم المساهم], $B28)) | K28: =IF($C28=0,"",$I28-$J28)
B29: =IFERROR(INDEX(Tbl_Investors[اسم المساهم], 18), "") -> اشرف خلف الشقة | C29: =IF($B29="","",SUMIFS(Tbl_Contributions[رأس مال المساهم], Tbl_Contributions[اسم المشروع], $D$5, Tbl_Contributions[اسم المساهم], $B29)) -> 0 | D29: =IF($C29=0,"",$C29/SUMIFS(Tbl_Contributions[رأس مال المساهم], Tbl_Contributions[اسم المشروع], $D$5)) | E29: =IF($C29=0,"",SUMIFS(Tbl_Contributions[نسبة الإدارة الخاصة به], Tbl_Contributions[اسم المشروع], $D$5, Tbl_Contributions[اسم المساهم], $B29)) | F29: =IF($C29=0,"",SUMIFS(Tbl_Contributions[حصة الربح قبل الإدارة], Tbl_Contributions[اسم المشروع], $D$5, Tbl_Contributions[اسم المساهم], $B29)) | G29: =IF($C29=0,"",SUMIFS(Tbl_Contributions[نصيب الإدارة], Tbl_Contributions[اسم المشروع], $D$5, Tbl_Contributions[اسم المساهم], $B29)) | H29: =IF($C29=0,"",SUMIFS(Tbl_Contributions[صافي ربح المساهم], Tbl_Contributions[اسم المشروع], $D$5, Tbl_Contributions[اسم المساهم], $B29)) | I29: =IF($C29=0,"",SUMIFS(Tbl_Contributions[إجمالي المستحق للمساهم], Tbl_Contributions[اسم المشروع], $D$5, Tbl_Contributions[اسم المساهم], $B29)) | J29: =IF($C29=0,"",SUMIFS(Tbl_Contributions[المسحوبات (تتضمن رد رأس المال والأرباح)], Tbl_Contributions[اسم المشروع], $D$5, Tbl_Contributions[اسم المساهم], $B29)) | K29: =IF($C29=0,"",$I29-$J29)
B30: =IFERROR(INDEX(Tbl_Investors[اسم المساهم], 19), "") -> محمد سامى | C30: =IF($B30="","",SUMIFS(Tbl_Contributions[رأس مال المساهم], Tbl_Contributions[اسم المشروع], $D$5, Tbl_Contributions[اسم المساهم], $B30)) -> 0 | D30: =IF($C30=0,"",$C30/SUMIFS(Tbl_Contributions[رأس مال المساهم], Tbl_Contributions[اسم المشروع], $D$5)) | E30: =IF($C30=0,"",SUMIFS(Tbl_Contributions[نسبة الإدارة الخاصة به], Tbl_Contributions[اسم المشروع], $D$5, Tbl_Contributions[اسم المساهم], $B30)) | F30: =IF($C30=0,"",SUMIFS(Tbl_Contributions[حصة الربح قبل الإدارة], Tbl_Contributions[اسم المشروع], $D$5, Tbl_Contributions[اسم المساهم], $B30)) | G30: =IF($C30=0,"",SUMIFS(Tbl_Contributions[نصيب الإدارة], Tbl_Contributions[اسم المشروع], $D$5, Tbl_Contributions[اسم المساهم], $B30)) | H30: =IF($C30=0,"",SUMIFS(Tbl_Contributions[صافي ربح المساهم], Tbl_Contributions[اسم المشروع], $D$5, Tbl_Contributions[اسم المساهم], $B30)) | I30: =IF($C30=0,"",SUMIFS(Tbl_Contributions[إجمالي المستحق للمساهم], Tbl_Contributions[اسم المشروع], $D$5, Tbl_Contributions[اسم المساهم], $B30)) | J30: =IF($C30=0,"",SUMIFS(Tbl_Contributions[المسحوبات (تتضمن رد رأس المال والأرباح)], Tbl_Contributions[اسم المشروع], $D$5, Tbl_Contributions[اسم المساهم], $B30)) | K30: =IF($C30=0,"",$I30-$J30)
B31: =IFERROR(INDEX(Tbl_Investors[اسم المساهم], 20), "") -> حسن رمضان | C31: =IF($B31="","",SUMIFS(Tbl_Contributions[رأس مال المساهم], Tbl_Contributions[اسم المشروع], $D$5, Tbl_Contributions[اسم المساهم], $B31)) -> 0 | D31: =IF($C31=0,"",$C31/SUMIFS(Tbl_Contributions[رأس مال المساهم], Tbl_Contributions[اسم المشروع], $D$5)) | E31: =IF($C31=0,"",SUMIFS(Tbl_Contributions[نسبة الإدارة الخاصة به], Tbl_Contributions[اسم المشروع], $D$5, Tbl_Contributions[اسم المساهم], $B31)) | F31: =IF($C31=0,"",SUMIFS(Tbl_Contributions[حصة الربح قبل الإدارة], Tbl_Contributions[اسم المشروع], $D$5, Tbl_Contributions[اسم المساهم], $B31)) | G31: =IF($C31=0,"",SUMIFS(Tbl_Contributions[نصيب الإدارة], Tbl_Contributions[اسم المشروع], $D$5, Tbl_Contributions[اسم المساهم], $B31)) | H31: =IF($C31=0,"",SUMIFS(Tbl_Contributions[صافي ربح المساهم], Tbl_Contributions[اسم المشروع], $D$5, Tbl_Contributions[اسم المساهم], $B31)) | I31: =IF($C31=0,"",SUMIFS(Tbl_Contributions[إجمالي المستحق للمساهم], Tbl_Contributions[اسم المشروع], $D$5, Tbl_Contributions[اسم المساهم], $B31)) | J31: =IF($C31=0,"",SUMIFS(Tbl_Contributions[المسحوبات (تتضمن رد رأس المال والأرباح)], Tbl_Contributions[اسم المشروع], $D$5, Tbl_Contributions[اسم المساهم], $B31)) | K31: =IF($C31=0,"",$I31-$J31)
B32: =IFERROR(INDEX(Tbl_Investors[اسم المساهم], 21), "") -> مصطفى السيد | C32: =IF($B32="","",SUMIFS(Tbl_Contributions[رأس مال المساهم], Tbl_Contributions[اسم المشروع], $D$5, Tbl_Contributions[اسم المساهم], $B32)) -> 0 | D32: =IF($C32=0,"",$C32/SUMIFS(Tbl_Contributions[رأس مال المساهم], Tbl_Contributions[اسم المشروع], $D$5)) | E32: =IF($C32=0,"",SUMIFS(Tbl_Contributions[نسبة الإدارة الخاصة به], Tbl_Contributions[اسم المشروع], $D$5, Tbl_Contributions[اسم المساهم], $B32)) | F32: =IF($C32=0,"",SUMIFS(Tbl_Contributions[حصة الربح قبل الإدارة], Tbl_Contributions[اسم المشروع], $D$5, Tbl_Contributions[اسم المساهم], $B32)) | G32: =IF($C32=0,"",SUMIFS(Tbl_Contributions[نصيب الإدارة], Tbl_Contributions[اسم المشروع], $D$5, Tbl_Contributions[اسم المساهم], $B32)) | H32: =IF($C32=0,"",SUMIFS(Tbl_Contributions[صافي ربح المساهم], Tbl_Contributions[اسم المشروع], $D$5, Tbl_Contributions[اسم المساهم], $B32)) | I32: =IF($C32=0,"",SUMIFS(Tbl_Contributions[إجمالي المستحق للمساهم], Tbl_Contributions[اسم المشروع], $D$5, Tbl_Contributions[اسم المساهم], $B32)) | J32: =IF($C32=0,"",SUMIFS(Tbl_Contributions[المسحوبات (تتضمن رد رأس المال والأرباح)], Tbl_Contributions[اسم المشروع], $D$5, Tbl_Contributions[اسم المساهم], $B32)) | K32: =IF($C32=0,"",$I32-$J32)
B33: =IFERROR(INDEX(Tbl_Investors[اسم المساهم], 22), "") -> محمود محمد السيد | C33: =IF($B33="","",SUMIFS(Tbl_Contributions[رأس مال المساهم], Tbl_Contributions[اسم المشروع], $D$5, Tbl_Contributions[اسم المساهم], $B33)) -> 0 | D33: =IF($C33=0,"",$C33/SUMIFS(Tbl_Contributions[رأس مال المساهم], Tbl_Contributions[اسم المشروع], $D$5)) | E33: =IF($C33=0,"",SUMIFS(Tbl_Contributions[نسبة الإدارة الخاصة به], Tbl_Contributions[اسم المشروع], $D$5, Tbl_Contributions[اسم المساهم], $B33)) | F33: =IF($C33=0,"",SUMIFS(Tbl_Contributions[حصة الربح قبل الإدارة], Tbl_Contributions[اسم المشروع], $D$5, Tbl_Contributions[اسم المساهم], $B33)) | G33: =IF($C33=0,"",SUMIFS(Tbl_Contributions[نصيب الإدارة], Tbl_Contributions[اسم المشروع], $D$5, Tbl_Contributions[اسم المساهم], $B33)) | H33: =IF($C33=0,"",SUMIFS(Tbl_Contributions[صافي ربح المساهم], Tbl_Contributions[اسم المشروع], $D$5, Tbl_Contributions[اسم المساهم], $B33)) | I33: =IF($C33=0,"",SUMIFS(Tbl_Contributions[إجمالي المستحق للمساهم], Tbl_Contributions[اسم المشروع], $D$5, Tbl_Contributions[اسم المساهم], $B33)) | J33: =IF($C33=0,"",SUMIFS(Tbl_Contributions[المسحوبات (تتضمن رد رأس المال والأرباح)], Tbl_Contributions[اسم المشروع], $D$5, Tbl_Contributions[اسم المساهم], $B33)) | K33: =IF($C33=0,"",$I33-$J33)
B34: =IFERROR(INDEX(Tbl_Investors[اسم المساهم], 23), "") -> محمد عبدالرازق | C34: =IF($B34="","",SUMIFS(Tbl_Contributions[رأس مال المساهم], Tbl_Contributions[اسم المشروع], $D$5, Tbl_Contributions[اسم المساهم], $B34)) -> 0 | D34: =IF($C34=0,"",$C34/SUMIFS(Tbl_Contributions[رأس مال المساهم], Tbl_Contributions[اسم المشروع], $D$5)) | E34: =IF($C34=0,"",SUMIFS(Tbl_Contributions[نسبة الإدارة الخاصة به], Tbl_Contributions[اسم المشروع], $D$5, Tbl_Contributions[اسم المساهم], $B34)) | F34: =IF($C34=0,"",SUMIFS(Tbl_Contributions[حصة الربح قبل الإدارة], Tbl_Contributions[اسم المشروع], $D$5, Tbl_Contributions[اسم المساهم], $B34)) | G34: =IF($C34=0,"",SUMIFS(Tbl_Contributions[نصيب الإدارة], Tbl_Contributions[اسم المشروع], $D$5, Tbl_Contributions[اسم المساهم], $B34)) | H34: =IF($C34=0,"",SUMIFS(Tbl_Contributions[صافي ربح المساهم], Tbl_Contributions[اسم المشروع], $D$5, Tbl_Contributions[اسم المساهم], $B34)) | I34: =IF($C34=0,"",SUMIFS(Tbl_Contributions[إجمالي المستحق للمساهم], Tbl_Contributions[اسم المشروع], $D$5, Tbl_Contributions[اسم المساهم], $B34)) | J34: =IF($C34=0,"",SUMIFS(Tbl_Contributions[المسحوبات (تتضمن رد رأس المال والأرباح)], Tbl_Contributions[اسم المشروع], $D$5, Tbl_Contributions[اسم المساهم], $B34)) | K34: =IF($C34=0,"",$I34-$J34)
B35: =IFERROR(INDEX(Tbl_Investors[اسم المساهم], 24), "") -> الحاج خلف راضى القراط | C35: =IF($B35="","",SUMIFS(Tbl_Contributions[رأس مال المساهم], Tbl_Contributions[اسم المشروع], $D$5, Tbl_Contributions[اسم المساهم], $B35)) -> 0 | D35: =IF($C35=0,"",$C35/SUMIFS(Tbl_Contributions[رأس مال المساهم], Tbl_Contributions[اسم المشروع], $D$5)) | E35: =IF($C35=0,"",SUMIFS(Tbl_Contributions[نسبة الإدارة الخاصة به], Tbl_Contributions[اسم المشروع], $D$5, Tbl_Contributions[اسم المساهم], $B35)) | F35: =IF($C35=0,"",SUMIFS(Tbl_Contributions[حصة الربح قبل الإدارة], Tbl_Contributions[اسم المشروع], $D$5, Tbl_Contributions[اسم المساهم], $B35)) | G35: =IF($C35=0,"",SUMIFS(Tbl_Contributions[نصيب الإدارة], Tbl_Contributions[اسم المشروع], $D$5, Tbl_Contributions[اسم المساهم], $B35)) | H35: =IF($C35=0,"",SUMIFS(Tbl_Contributions[صافي ربح المساهم], Tbl_Contributions[اسم المشروع], $D$5, Tbl_Contributions[اسم المساهم], $B35)) | I35: =IF($C35=0,"",SUMIFS(Tbl_Contributions[إجمالي المستحق للمساهم], Tbl_Contributions[اسم المشروع], $D$5, Tbl_Contributions[اسم المساهم], $B35)) | J35: =IF($C35=0,"",SUMIFS(Tbl_Contributions[المسحوبات (تتضمن رد رأس المال والأرباح)], Tbl_Contributions[اسم المشروع], $D$5, Tbl_Contributions[اسم المساهم], $B35)) | K35: =IF($C35=0,"",$I35-$J35)
B36: =IFERROR(INDEX(Tbl_Investors[اسم المساهم], 25), "") -> رمضان راضى | C36: =IF($B36="","",SUMIFS(Tbl_Contributions[رأس مال المساهم], Tbl_Contributions[اسم المشروع], $D$5, Tbl_Contributions[اسم المساهم], $B36)) -> 0 | D36: =IF($C36=0,"",$C36/SUMIFS(Tbl_Contributions[رأس مال المساهم], Tbl_Contributions[اسم المشروع], $D$5)) | E36: =IF($C36=0,"",SUMIFS(Tbl_Contributions[نسبة الإدارة الخاصة به], Tbl_Contributions[اسم المشروع], $D$5, Tbl_Contributions[اسم المساهم], $B36)) | F36: =IF($C36=0,"",SUMIFS(Tbl_Contributions[حصة الربح قبل الإدارة], Tbl_Contributions[اسم المشروع], $D$5, Tbl_Contributions[اسم المساهم], $B36)) | G36: =IF($C36=0,"",SUMIFS(Tbl_Contributions[نصيب الإدارة], Tbl_Contributions[اسم المشروع], $D$5, Tbl_Contributions[اسم المساهم], $B36)) | H36: =IF($C36=0,"",SUMIFS(Tbl_Contributions[صافي ربح المساهم], Tbl_Contributions[اسم المشروع], $D$5, Tbl_Contributions[اسم المساهم], $B36)) | I36: =IF($C36=0,"",SUMIFS(Tbl_Contributions[إجمالي المستحق للمساهم], Tbl_Contributions[اسم المشروع], $D$5, Tbl_Contributions[اسم المساهم], $B36)) | J36: =IF($C36=0,"",SUMIFS(Tbl_Contributions[المسحوبات (تتضمن رد رأس المال والأرباح)], Tbl_Contributions[اسم المشروع], $D$5, Tbl_Contributions[اسم المساهم], $B36)) | K36: =IF($C36=0,"",$I36-$J36)
B37: =IFERROR(INDEX(Tbl_Investors[اسم المساهم], 26), "") -> جمال صابر | C37: =IF($B37="","",SUMIFS(Tbl_Contributions[رأس مال المساهم], Tbl_Contributions[اسم المشروع], $D$5, Tbl_Contributions[اسم المساهم], $B37)) -> 0 | D37: =IF($C37=0,"",$C37/SUMIFS(Tbl_Contributions[رأس مال المساهم], Tbl_Contributions[اسم المشروع], $D$5)) | E37: =IF($C37=0,"",SUMIFS(Tbl_Contributions[نسبة الإدارة الخاصة به], Tbl_Contributions[اسم المشروع], $D$5, Tbl_Contributions[اسم المساهم], $B37)) | F37: =IF($C37=0,"",SUMIFS(Tbl_Contributions[حصة الربح قبل الإدارة], Tbl_Contributions[اسم المشروع], $D$5, Tbl_Contributions[اسم المساهم], $B37)) | G37: =IF($C37=0,"",SUMIFS(Tbl_Contributions[نصيب الإدارة], Tbl_Contributions[اسم المشروع], $D$5, Tbl_Contributions[اسم المساهم], $B37)) | H37: =IF($C37=0,"",SUMIFS(Tbl_Contributions[صافي ربح المساهم], Tbl_Contributions[اسم المشروع], $D$5, Tbl_Contributions[اسم المساهم], $B37)) | I37: =IF($C37=0,"",SUMIFS(Tbl_Contributions[إجمالي المستحق للمساهم], Tbl_Contributions[اسم المشروع], $D$5, Tbl_Contributions[اسم المساهم], $B37)) | J37: =IF($C37=0,"",SUMIFS(Tbl_Contributions[المسحوبات (تتضمن رد رأس المال والأرباح)], Tbl_Contributions[اسم المشروع], $D$5, Tbl_Contributions[اسم المساهم], $B37)) | K37: =IF($C37=0,"",$I37-$J37)
B38: =IFERROR(INDEX(Tbl_Investors[اسم المساهم], 27), "") -> ا/ تامر | C38: =IF($B38="","",SUMIFS(Tbl_Contributions[رأس مال المساهم], Tbl_Contributions[اسم المشروع], $D$5, Tbl_Contributions[اسم المساهم], $B38)) -> 0 | D38: =IF($C38=0,"",$C38/SUMIFS(Tbl_Contributions[رأس مال المساهم], Tbl_Contributions[اسم المشروع], $D$5)) | E38: =IF($C38=0,"",SUMIFS(Tbl_Contributions[نسبة الإدارة الخاصة به], Tbl_Contributions[اسم المشروع], $D$5, Tbl_Contributions[اسم المساهم], $B38)) | F38: =IF($C38=0,"",SUMIFS(Tbl_Contributions[حصة الربح قبل الإدارة], Tbl_Contributions[اسم المشروع], $D$5, Tbl_Contributions[اسم المساهم], $B38)) | G38: =IF($C38=0,"",SUMIFS(Tbl_Contributions[نصيب الإدارة], Tbl_Contributions[اسم المشروع], $D$5, Tbl_Contributions[اسم المساهم], $B38)) | H38: =IF($C38=0,"",SUMIFS(Tbl_Contributions[صافي ربح المساهم], Tbl_Contributions[اسم المشروع], $D$5, Tbl_Contributions[اسم المساهم], $B38)) | I38: =IF($C38=0,"",SUMIFS(Tbl_Contributions[إجمالي المستحق للمساهم], Tbl_Contributions[اسم المشروع], $D$5, Tbl_Contributions[اسم المساهم], $B38)) | J38: =IF($C38=0,"",SUMIFS(Tbl_Contributions[المسحوبات (تتضمن رد رأس المال والأرباح)], Tbl_Contributions[اسم المشروع], $D$5, Tbl_Contributions[اسم المساهم], $B38)) | K38: =IF($C38=0,"",$I38-$J38)
B39: =IFERROR(INDEX(Tbl_Investors[اسم المساهم], 28), "") -> م ماجد تكييف | C39: =IF($B39="","",SUMIFS(Tbl_Contributions[رأس مال المساهم], Tbl_Contributions[اسم المشروع], $D$5, Tbl_Contributions[اسم المساهم], $B39)) -> 0 | D39: =IF($C39=0,"",$C39/SUMIFS(Tbl_Contributions[رأس مال المساهم], Tbl_Contributions[اسم المشروع], $D$5)) | E39: =IF($C39=0,"",SUMIFS(Tbl_Contributions[نسبة الإدارة الخاصة به], Tbl_Contributions[اسم المشروع], $D$5, Tbl_Contributions[اسم المساهم], $B39)) | F39: =IF($C39=0,"",SUMIFS(Tbl_Contributions[حصة الربح قبل الإدارة], Tbl_Contributions[اسم المشروع], $D$5, Tbl_Contributions[اسم المساهم], $B39)) | G39: =IF($C39=0,"",SUMIFS(Tbl_Contributions[نصيب الإدارة], Tbl_Contributions[اسم المشروع], $D$5, Tbl_Contributions[اسم المساهم], $B39)) | H39: =IF($C39=0,"",SUMIFS(Tbl_Contributions[صافي ربح المساهم], Tbl_Contributions[اسم المشروع], $D$5, Tbl_Contributions[اسم المساهم], $B39)) | I39: =IF($C39=0,"",SUMIFS(Tbl_Contributions[إجمالي المستحق للمساهم], Tbl_Contributions[اسم المشروع], $D$5, Tbl_Contributions[اسم المساهم], $B39)) | J39: =IF($C39=0,"",SUMIFS(Tbl_Contributions[المسحوبات (تتضمن رد رأس المال والأرباح)], Tbl_Contributions[اسم المشروع], $D$5, Tbl_Contributions[اسم المساهم], $B39)) | K39: =IF($C39=0,"",$I39-$J39)
B40: =IFERROR(INDEX(Tbl_Investors[اسم المساهم], 29), "") -> 0 | C40: =IF($B40="","",SUMIFS(Tbl_Contributions[رأس مال المساهم], Tbl_Contributions[اسم المشروع], $D$5, Tbl_Contributions[اسم المساهم], $B40)) -> 0 | D40: =IF($C40=0,"",$C40/SUMIFS(Tbl_Contributions[رأس مال المساهم], Tbl_Contributions[اسم المشروع], $D$5)) | E40: =IF($C40=0,"",SUMIFS(Tbl_Contributions[نسبة الإدارة الخاصة به], Tbl_Contributions[اسم المشروع], $D$5, Tbl_Contributions[اسم المساهم], $B40)) | F40: =IF($C40=0,"",SUMIFS(Tbl_Contributions[حصة الربح قبل الإدارة], Tbl_Contributions[اسم المشروع], $D$5, Tbl_Contributions[اسم المساهم], $B40)) | G40: =IF($C40=0,"",SUMIFS(Tbl_Contributions[نصيب الإدارة], Tbl_Contributions[اسم المشروع], $D$5, Tbl_Contributions[اسم المساهم], $B40)) | H40: =IF($C40=0,"",SUMIFS(Tbl_Contributions[صافي ربح المساهم], Tbl_Contributions[اسم المشروع], $D$5, Tbl_Contributions[اسم المساهم], $B40)) | I40: =IF($C40=0,"",SUMIFS(Tbl_Contributions[إجمالي المستحق للمساهم], Tbl_Contributions[اسم المشروع], $D$5, Tbl_Contributions[اسم المساهم], $B40)) | J40: =IF($C40=0,"",SUMIFS(Tbl_Contributions[المسحوبات (تتضمن رد رأس المال والأرباح)], Tbl_Contributions[اسم المشروع], $D$5, Tbl_Contributions[اسم المساهم], $B40)) | K40: =IF($C40=0,"",$I40-$J40)
B41: =IFERROR(INDEX(Tbl_Investors[اسم المساهم], 30), "") -> 0 | C41: =IF($B41="","",SUMIFS(Tbl_Contributions[رأس مال المساهم], Tbl_Contributions[اسم المشروع], $D$5, Tbl_Contributions[اسم المساهم], $B41)) -> 0 | D41: =IF($C41=0,"",$C41/SUMIFS(Tbl_Contributions[رأس مال المساهم], Tbl_Contributions[اسم المشروع], $D$5)) | E41: =IF($C41=0,"",SUMIFS(Tbl_Contributions[نسبة الإدارة الخاصة به], Tbl_Contributions[اسم المشروع], $D$5, Tbl_Contributions[اسم المساهم], $B41)) | F41: =IF($C41=0,"",SUMIFS(Tbl_Contributions[حصة الربح قبل الإدارة], Tbl_Contributions[اسم المشروع], $D$5, Tbl_Contributions[اسم المساهم], $B41)) | G41: =IF($C41=0,"",SUMIFS(Tbl_Contributions[نصيب الإدارة], Tbl_Contributions[اسم المشروع], $D$5, Tbl_Contributions[اسم المساهم], $B41)) | H41: =IF($C41=0,"",SUMIFS(Tbl_Contributions[صافي ربح المساهم], Tbl_Contributions[اسم المشروع], $D$5, Tbl_Contributions[اسم المساهم], $B41)) | I41: =IF($C41=0,"",SUMIFS(Tbl_Contributions[إجمالي المستحق للمساهم], Tbl_Contributions[اسم المشروع], $D$5, Tbl_Contributions[اسم المساهم], $B41)) | J41: =IF($C41=0,"",SUMIFS(Tbl_Contributions[المسحوبات (تتضمن رد رأس المال والأرباح)], Tbl_Contributions[اسم المشروع], $D$5, Tbl_Contributions[اسم المساهم], $B41)) | K41: =IF($C41=0,"",$I41-$J41)

Sheet Dashboard
C2: لوحة التحكم والمؤشرات المالية
C6: عدد المشاريع النشطة | E6: إجمالي رأس المال | G6: إجمالي التحصيلات | I6: إجمالي المصروفات
C7: =COUNTIFS(Tbl_Projects[حالة المشروع], "قيد التنفيذ") -> 3 | E7: =SUM(Tbl_Projects[إجمالي رأس المال]) -> 41600000 | G7: =SUM(Tbl_Projects[إجمالي التحصيل الفعلي]) -> 12569000 | I7: =SUM(Tbl_Projects[إجمالي المصروفات]) -> 180000
C9: إجمالي الأرباح الصافية | E9: إجمالي التوزيعات للمساهمين | G9: إجمالي مسحوبات الإدارة | I9: إجمالي التحويلات (خارجة/داخلة)
C10: =SUM(Tbl_Projects[صافي الربح]) -> -29211000 | E10: =SUMIFS(Tbl_Distributions[المبلغ], Tbl_Distributions[نوع العملية], "<>مسحوب للإدارة", Tbl_Distributions[نوع العملية], "<>تحويل بين المشاريع") -> 1985000 | G10: =SUMIFS(Tbl_Distributions[المبلغ], Tbl_Distributions[نوع العملية], "مسحوب للإدارة") -> 0 | I10: =SUM(Tbl_Projects[التحويلات الواردة]) -> #REF!
B12: مؤشرات المبيعات والتحصيلات | C12: إجمالي المستحق للمساهمين (المتبقي)
C13: =SUM(Tbl_Contributions[المتبقي للمساهم]) -> 10260000
B14: إجمالي المبيعات | D14: المبيعات الكاش | F14: المبيعات بالتقسيط | H14: إجمالي تحصيلات المبيعات | J14: إجمالي الأقساط المتأخرة
B15: =SUM(المبيعات!G:G) -> 4000000 | D15: =SUMIFS(المبيعات!G:G, المبيعات!H:H, "كاش") -> 4000000 | F15: =SUMIFS(المبيعات!G:G, المبيعات!H:H, "تقسيط") -> 0 | H15: =SUM(المبيعات!O:O) -> 4000000 | J15: =SUMIFS(جدول [2]الأقساط!G:G, جدول [2]الأقساط!H:H, "متأخر") -> #NAME?
